id,message_date,user_id
1,2018-01-01 00:00:00.000000000,322
2,2018-01-01 04:22:12.666333166,397
3,2018-01-01 08:44:25.332666333,318
4,2018-01-01 13:06:37.998999499,54
5,2018-01-01 17:28:50.665332666,399
6,2018-01-01 21:51:03.331665832,197
7,2018-01-02 02:13:15.997998999,387
8,2018-01-02 06:35:28.664332166,293
9,2018-01-02 10:57:41.330665332,293
10,2018-01-02 15:19:53.996998499,485
11,2018-01-02 19:42:06.663331665,387
12,2018-01-03 00:04:19.329664832,447
13,2018-01-03 04:26:31.995997999,291
14,2018-01-03 08:48:44.662331165,180
15,2018-01-03 13:10:57.328664332,471
16,2018-01-03 17:33:09.994997498,380
17,2018-01-03 21:55:22.661330665,412
18,2018-01-04 02:17:35.327663831,222
19,2018-01-04 06:39:47.993996998,274
20,2018-01-04 11:02:00.660330165,378
21,2018-01-04 15:24:13.326663331,244
22,2018-01-04 19:46:25.992996498,420
23,2018-01-05 00:08:38.659329664,417
24,2018-01-05 04:30:51.325662831,448
25,2018-01-05 08:53:03.991995998,154
26,2018-01-05 13:15:16.658329164,304
27,2018-01-05 17:37:29.324662331,424
28,2018-01-05 21:59:41.990995497,273
29,2018-01-06 02:21:54.657328664,424
30,2018-01-06 06:44:07.323661830,135
31,2018-01-06 11:06:19.989994997,313
32,2018-01-06 15:28:32.656328164,8
33,2018-01-06 19:50:45.322661330,128
34,2018-01-07 00:12:57.988994497,373
35,2018-01-07 04:35:10.655327663,56
36,2018-01-07 08:57:23.321660830,126
37,2018-01-07 13:19:35.987993997,159
38,2018-01-07 17:41:48.654327163,59
39,2018-01-07 22:04:01.320660330,58
40,2018-01-08 02:26:13.986993496,140
41,2018-01-08 06:48:26.653326663,176
42,2018-01-08 11:10:39.319659830,415
43,2018-01-08 15:32:51.985992996,108
44,2018-01-08 19:55:04.652326163,211
45,2018-01-09 00:17:17.318659329,447
46,2018-01-09 04:39:29.984992496,74
47,2018-01-09 09:01:42.651325662,167
48,2018-01-09 13:23:55.317658829,460
49,2018-01-09 17:46:07.983991996,404
50,2018-01-09 22:08:20.650325162,357
51,2018-01-10 02:30:33.316658329,304
52,2018-01-10 06:52:45.982991495,233
53,2018-01-10 11:14:58.649324662,327
54,2018-01-10 15:37:11.315657829,372
55,2018-01-10 19:59:23.981990995,182
56,2018-01-11 00:21:36.648324162,122
57,2018-01-11 04:43:49.314657328,334
58,2018-01-11 09:06:01.980990495,203
59,2018-01-11 13:28:14.647323661,455
60,2018-01-11 17:50:27.313656828,29
61,2018-01-11 22:12:39.979989995,202
62,2018-01-12 02:34:52.646323161,93
63,2018-01-12 06:57:05.312656328,329
64,2018-01-12 11:19:17.978989494,356
65,2018-01-12 15:41:30.645322661,176
66,2018-01-12 20:03:43.311655828,330
67,2018-01-13 00:25:55.977988994,211
68,2018-01-13 04:48:08.644322161,184
69,2018-01-13 09:10:21.310655327,95
70,2018-01-13 13:32:33.976988494,273
71,2018-01-13 17:54:46.643321660,137
72,2018-01-13 22:16:59.309654827,237
73,2018-01-14 02:39:11.975987994,353
74,2018-01-14 07:01:24.642321160,418
75,2018-01-14 11:23:37.308654327,429
76,2018-01-14 15:45:49.974987493,472
77,2018-01-14 20:08:02.641320660,265
78,2018-01-15 00:30:15.307653827,135
79,2018-01-15 04:52:27.973986993,144
80,2018-01-15 09:14:40.640320160,19
81,2018-01-15 13:36:53.306653326,231
82,2018-01-15 17:59:05.972986493,134
83,2018-01-15 22:21:18.639319660,114
84,2018-01-16 02:43:31.305652826,499
85,2018-01-16 07:05:43.971985993,139
86,2018-01-16 11:27:56.638319159,125
87,2018-01-16 15:50:09.304652326,204
88,2018-01-16 20:12:21.970985492,61
89,2018-01-17 00:34:34.637318659,250
90,2018-01-17 04:56:47.303651826,298
91,2018-01-17 09:18:59.969984992,13
92,2018-01-17 13:41:12.636318159,396
93,2018-01-17 18:03:25.302651325,255
94,2018-01-17 22:25:37.968984492,85
95,2018-01-18 02:47:50.635317659,458
96,2018-01-18 07:10:03.301650825,20
97,2018-01-18 11:32:15.967983992,50
98,2018-01-18 15:54:28.634317158,164
99,2018-01-18 20:16:41.300650325,92
100,2018-01-19 00:38:53.966983491,88
101,2018-01-19 05:01:06.633316658,69
102,2018-01-19 09:23:19.299649825,37
103,2018-01-19 13:45:31.965982991,253
104,2018-01-19 18:07:44.632316158,252
105,2018-01-19 22:29:57.298649324,140
106,2018-01-20 02:52:09.964982491,355
107,2018-01-20 07:14:22.631315658,381
108,2018-01-20 11:36:35.297648824,168
109,2018-01-20 15:58:47.963981991,54
110,2018-01-20 20:21:00.630315157,386
111,2018-01-21 00:43:13.296648324,178
112,2018-01-21 05:05:25.962981490,297
113,2018-01-21 09:27:38.629314657,301
114,2018-01-21 13:49:51.295647824,359
115,2018-01-21 18:12:03.961980990,106
116,2018-01-21 22:34:16.628314157,137
117,2018-01-22 02:56:29.294647323,190
118,2018-01-22 07:18:41.960980490,128
119,2018-01-22 11:40:54.627313657,342
120,2018-01-22 16:03:07.293646823,47
121,2018-01-22 20:25:19.959979990,5
122,2018-01-23 00:47:32.626313156,460
123,2018-01-23 05:09:45.292646323,257
124,2018-01-23 09:31:57.958979489,300
125,2018-01-23 13:54:10.625312656,150
126,2018-01-23 18:16:23.291645823,294
127,2018-01-23 22:38:35.957978989,243
128,2018-01-24 03:00:48.624312156,275
129,2018-01-24 07:23:01.290645322,208
130,2018-01-24 11:45:13.956978489,415
131,2018-01-24 16:07:26.623311656,115
132,2018-01-24 20:29:39.289644822,195
133,2018-01-25 00:51:51.955977989,343
134,2018-01-25 05:14:04.622311155,170
135,2018-01-25 09:36:17.288644322,379
136,2018-01-25 13:58:29.954977488,82
137,2018-01-25 18:20:42.621310655,154
138,2018-01-25 22:42:55.287643822,141
139,2018-01-26 03:05:07.953976988,314
140,2018-01-26 07:27:20.620310155,146
141,2018-01-26 11:49:33.286643321,323
142,2018-01-26 16:11:45.952976488,122
143,2018-01-26 20:33:58.619309655,252
144,2018-01-27 00:56:11.285642821,343
145,2018-01-27 05:18:23.951975988,387
146,2018-01-27 09:40:36.618309154,311
147,2018-01-27 14:02:49.284642321,89
148,2018-01-27 18:25:01.950975488,475
149,2018-01-27 22:47:14.617308654,58
150,2018-01-28 03:09:27.283641821,492
151,2018-01-28 07:31:39.949974987,63
152,2018-01-28 11:53:52.616308154,347
153,2018-01-28 16:16:05.282641321,308
154,2018-01-28 20:38:17.948974487,487
155,2018-01-29 01:00:30.615307654,473
156,2018-01-29 05:22:43.281640820,382
157,2018-01-29 09:44:55.947973987,280
158,2018-01-29 14:07:08.614307153,72
159,2018-01-29 18:29:21.280640320,9
160,2018-01-29 22:51:33.946973487,366
161,2018-01-30 03:13:46.613306653,421
162,2018-01-30 07:35:59.279639820,94
163,2018-01-30 11:58:11.945972986,373
164,2018-01-30 16:20:24.612306153,339
165,2018-01-30 20:42:37.278639320,437
166,2018-01-31 01:04:49.944972486,336
167,2018-01-31 05:27:02.611305653,152
168,2018-01-31 09:49:15.277638819,492
169,2018-01-31 14:11:27.943971986,405
170,2018-01-31 18:33:40.610305152,356
171,2018-01-31 22:55:53.276638319,40
172,2018-02-01 03:18:05.942971486,359
173,2018-02-01 07:40:18.609304652,495
174,2018-02-01 12:02:31.275637819,62
175,2018-02-01 16:24:43.941970985,254
176,2018-02-01 20:46:56.608304152,454
177,2018-02-02 01:09:09.274637319,69
178,2018-02-02 05:31:21.940970485,398
179,2018-02-02 09:53:34.607303652,245
180,2018-02-02 14:15:47.273636818,365
181,2018-02-02 18:37:59.939969985,170
182,2018-02-02 23:00:12.606303151,178
183,2018-02-03 03:22:25.272636318,189
184,2018-02-03 07:44:37.938969485,260
185,2018-02-03 12:06:50.605302651,72
186,2018-02-03 16:29:03.271635818,472
187,2018-02-03 20:51:15.937968984,459
188,2018-02-04 01:13:28.604302151,17
189,2018-02-04 05:35:41.270635318,370
190,2018-02-04 09:57:53.936968484,341
191,2018-02-04 14:20:06.603301651,57
192,2018-02-04 18:42:19.269634817,218
193,2018-02-04 23:04:31.935967984,107
194,2018-02-05 03:26:44.602301150,304
195,2018-02-05 07:48:57.268634317,428
196,2018-02-05 12:11:09.934967484,173
197,2018-02-05 16:33:22.601300650,219
198,2018-02-05 20:55:35.267633817,464
199,2018-02-06 01:17:47.933966983,247
200,2018-02-06 05:40:00.600300150,218
201,2018-02-06 10:02:13.266633317,373
202,2018-02-06 14:24:25.932966483,417
203,2018-02-06 18:46:38.599299650,31
204,2018-02-06 23:08:51.265632816,368
205,2018-02-07 03:31:03.931965983,47
206,2018-02-07 07:53:16.598299149,134
207,2018-02-07 12:15:29.264632316,108
208,2018-02-07 16:37:41.930965483,72
209,2018-02-07 20:59:54.597298649,327
210,2018-02-08 01:22:07.263631816,418
211,2018-02-08 05:44:19.929964982,108
212,2018-02-08 10:06:32.596298149,309
213,2018-02-08 14:28:45.262631316,398
214,2018-02-08 18:50:57.928964482,272
215,2018-02-08 23:13:10.595297649,171
216,2018-02-09 03:35:23.261630815,116
217,2018-02-09 07:57:35.927963982,329
218,2018-02-09 12:19:48.594297148,74
219,2018-02-09 16:42:01.260630315,256
220,2018-02-09 21:04:13.926963482,81
221,2018-02-10 01:26:26.593296648,268
222,2018-02-10 05:48:39.259629815,128
223,2018-02-10 10:10:51.925962981,326
224,2018-02-10 14:33:04.592296148,403
225,2018-02-10 18:55:17.258629315,235
226,2018-02-10 23:17:29.924962481,41
227,2018-02-11 03:39:42.591295648,181
228,2018-02-11 08:01:55.257628814,157
229,2018-02-11 12:24:07.923961981,454
230,2018-02-11 16:46:20.590295147,59
231,2018-02-11 21:08:33.256628314,345
232,2018-02-12 01:30:45.922961481,249
233,2018-02-12 05:52:58.589294647,192
234,2018-02-12 10:15:11.255627814,24
235,2018-02-12 14:37:23.921960980,473
236,2018-02-12 18:59:36.588294147,400
237,2018-02-12 23:21:49.254627314,436
238,2018-02-13 03:44:01.920960480,80
239,2018-02-13 08:06:14.587293647,134
240,2018-02-13 12:28:27.253626813,421
241,2018-02-13 16:50:39.919959980,213
242,2018-02-13 21:12:52.586293146,388
243,2018-02-14 01:35:05.252626313,482
244,2018-02-14 05:57:17.918959480,348
245,2018-02-14 10:19:30.585292646,166
246,2018-02-14 14:41:43.251625813,425
247,2018-02-14 19:03:55.917958979,348
248,2018-02-14 23:26:08.584292146,337
249,2018-02-15 03:48:21.250625313,398
250,2018-02-15 08:10:33.916958479,71
251,2018-02-15 12:32:46.583291646,214
252,2018-02-15 16:54:59.249624812,435
253,2018-02-15 21:17:11.915957979,65
254,2018-02-16 01:39:24.582291145,221
255,2018-02-16 06:01:37.248624312,308
256,2018-02-16 10:23:49.914957479,479
257,2018-02-16 14:46:02.581290645,286
258,2018-02-16 19:08:15.247623812,185
259,2018-02-16 23:30:27.913956978,207
260,2018-02-17 03:52:40.580290145,466
261,2018-02-17 08:14:53.246623312,99
262,2018-02-17 12:37:05.912956478,242
263,2018-02-17 16:59:18.579289645,158
264,2018-02-17 21:21:31.245622811,98
265,2018-02-18 01:43:43.911955978,42
266,2018-02-18 06:05:56.578289145,139
267,2018-02-18 10:28:09.244622311,283
268,2018-02-18 14:50:21.910955478,408
269,2018-02-18 19:12:34.577288644,227
270,2018-02-18 23:34:47.243621811,423
271,2018-02-19 03:56:59.909954977,72
272,2018-02-19 08:19:12.576288144,243
273,2018-02-19 12:41:25.242621311,18
274,2018-02-19 17:03:37.908954477,77
275,2018-02-19 21:25:50.575287644,45
276,2018-02-20 01:48:03.241620810,472
277,2018-02-20 06:10:15.907953977,371
278,2018-02-20 10:32:28.574287144,343
279,2018-02-20 14:54:41.240620310,140
280,2018-02-20 19:16:53.906953477,177
281,2018-02-20 23:39:06.573286643,222
282,2018-02-21 04:01:19.239619810,415
283,2018-02-21 08:23:31.905952976,92
284,2018-02-21 12:45:44.572286143,22
285,2018-02-21 17:07:57.238619310,172
286,2018-02-21 21:30:09.904952476,92
287,2018-02-22 01:52:22.571285643,192
288,2018-02-22 06:14:35.237618810,77
289,2018-02-22 10:36:47.903951976,281
290,2018-02-22 14:59:00.570285143,364
291,2018-02-22 19:21:13.236618309,179
292,2018-02-22 23:43:25.902951476,238
293,2018-02-23 04:05:38.569284643,135
294,2018-02-23 08:27:51.235617809,365
295,2018-02-23 12:50:03.901950976,390
296,2018-02-23 17:12:16.568284142,280
297,2018-02-23 21:34:29.234617309,19
298,2018-02-24 01:56:41.900950475,83
299,2018-02-24 06:18:54.567283642,228
300,2018-02-24 10:41:07.233616809,371
301,2018-02-24 15:03:19.899949975,265
302,2018-02-24 19:25:32.566283142,112
303,2018-02-24 23:47:45.232616308,251
304,2018-02-25 04:09:57.898949475,164
305,2018-02-25 08:32:10.565282642,358
306,2018-02-25 12:54:23.231615808,168
307,2018-02-25 17:16:35.897948975,221
308,2018-02-25 21:38:48.564282141,408
309,2018-02-26 02:01:01.230615308,304
310,2018-02-26 06:23:13.896948474,191
311,2018-02-26 10:45:26.563281641,325
312,2018-02-26 15:07:39.229614808,437
313,2018-02-26 19:29:51.895947974,438
314,2018-02-26 23:52:04.562281141,170
315,2018-02-27 04:14:17.228614307,375
316,2018-02-27 08:36:29.894947474,45
317,2018-02-27 12:58:42.561280641,381
318,2018-02-27 17:20:55.227613807,474
319,2018-02-27 21:43:07.893946974,14
320,2018-02-28 02:05:20.560280140,231
321,2018-02-28 06:27:33.226613307,157
322,2018-02-28 10:49:45.892946473,500
323,2018-02-28 15:11:58.559279640,134
324,2018-02-28 19:34:11.225612807,391
325,2018-02-28 23:56:23.891945973,37
326,2018-03-01 04:18:36.558279140,53
327,2018-03-01 08:40:49.224612306,18
328,2018-03-01 13:03:01.890945473,471
329,2018-03-01 17:25:14.557278640,492
330,2018-03-01 21:47:27.223611806,38
331,2018-03-02 02:09:39.889944973,187
332,2018-03-02 06:31:52.556278139,385
333,2018-03-02 10:54:05.222611306,196
334,2018-03-02 15:16:17.888944472,243
335,2018-03-02 19:38:30.555277639,300
336,2018-03-03 00:00:43.221610806,303
337,2018-03-03 04:22:55.887943972,35
338,2018-03-03 08:45:08.554277139,215
339,2018-03-03 13:07:21.220610305,219
340,2018-03-03 17:29:33.886943472,316
341,2018-03-03 21:51:46.553276639,90
342,2018-03-04 02:13:59.219609805,308
343,2018-03-04 06:36:11.885942972,252
344,2018-03-04 10:58:24.552276138,8
345,2018-03-04 15:20:37.218609305,256
346,2018-03-04 19:42:49.884942471,363
347,2018-03-05 00:05:02.551275638,208
348,2018-03-05 04:27:15.217608805,425
349,2018-03-05 08:49:27.883941971,131
350,2018-03-05 13:11:40.550275138,224
351,2018-03-05 17:33:53.216608304,197
352,2018-03-05 21:56:05.882941471,468
353,2018-03-06 02:18:18.549274638,142
354,2018-03-06 06:40:31.215607804,252
355,2018-03-06 11:02:43.881940971,96
356,2018-03-06 15:24:56.548274137,26
357,2018-03-06 19:47:09.214607304,111
358,2018-03-07 00:09:21.880940470,454
359,2018-03-07 04:31:34.547273637,123
360,2018-03-07 08:53:47.213606804,186
361,2018-03-07 13:15:59.879939970,484
362,2018-03-07 17:38:12.546273137,168
363,2018-03-07 22:00:25.212606303,51
364,2018-03-08 02:22:37.878939470,379
365,2018-03-08 06:44:50.545272637,5
366,2018-03-08 11:07:03.211605803,77
367,2018-03-08 15:29:15.877938970,160
368,2018-03-08 19:51:28.544272136,208
369,2018-03-09 00:13:41.210605303,257
370,2018-03-09 04:35:53.876938469,205
371,2018-03-09 08:58:06.543271636,255
372,2018-03-09 13:20:19.209604803,438
373,2018-03-09 17:42:31.875937969,11
374,2018-03-09 22:04:44.542271136,437
375,2018-03-10 02:26:57.208604302,8
376,2018-03-10 06:49:09.874937469,409
377,2018-03-10 11:11:22.541270636,424
378,2018-03-10 15:33:35.207603802,32
379,2018-03-10 19:55:47.873936969,472
380,2018-03-11 00:18:00.540270135,28
381,2018-03-11 04:40:13.206603302,206
382,2018-03-11 09:02:25.872936468,493
383,2018-03-11 13:24:38.539269635,387
384,2018-03-11 17:46:51.205602802,228
385,2018-03-11 22:09:03.871935968,128
386,2018-03-12 02:31:16.538269135,255
387,2018-03-12 06:53:29.204602301,475
388,2018-03-12 11:15:41.870935468,212
389,2018-03-12 15:37:54.537268635,239
390,2018-03-12 20:00:07.203601801,207
391,2018-03-13 00:22:19.869934968,318
392,2018-03-13 04:44:32.536268134,283
393,2018-03-13 09:06:45.202601301,245
394,2018-03-13 13:28:57.868934468,45
395,2018-03-13 17:51:10.535267634,105
396,2018-03-13 22:13:23.201600801,348
397,2018-03-14 02:35:35.867933967,281
398,2018-03-14 06:57:48.534267134,234
399,2018-03-14 11:20:01.200600300,189
400,2018-03-14 15:42:13.866933467,44
401,2018-03-14 20:04:26.533266634,494
402,2018-03-15 00:26:39.199599800,225
403,2018-03-15 04:48:51.865932967,430
404,2018-03-15 09:11:04.532266133,142
405,2018-03-15 13:33:17.198599300,136
406,2018-03-15 17:55:29.864932467,176
407,2018-03-15 22:17:42.531265633,142
408,2018-03-16 02:39:55.197598800,449
409,2018-03-16 07:02:07.863931966,80
410,2018-03-16 11:24:20.530265133,82
411,2018-03-16 15:46:33.196598299,135
412,2018-03-16 20:08:45.862931466,207
413,2018-03-17 00:30:58.529264633,344
414,2018-03-17 04:53:11.195597799,177
415,2018-03-17 09:15:23.861930966,383
416,2018-03-17 13:37:36.528264132,243
417,2018-03-17 17:59:49.194597299,55
418,2018-03-17 22:22:01.860930466,141
419,2018-03-18 02:44:14.527263632,457
420,2018-03-18 07:06:27.193596799,440
421,2018-03-18 11:28:39.859929965,56
422,2018-03-18 15:50:52.526263132,15
423,2018-03-18 20:13:05.192596298,185
424,2018-03-19 00:35:17.858929465,314
425,2018-03-19 04:57:30.525262632,419
426,2018-03-19 09:19:43.191595798,88
427,2018-03-19 13:41:55.857928965,97
428,2018-03-19 18:04:08.524262131,144
429,2018-03-19 22:26:21.190595298,8
430,2018-03-20 02:48:33.856928465,477
431,2018-03-20 07:10:46.523261631,215
432,2018-03-20 11:32:59.189594798,173
433,2018-03-20 15:55:11.855927964,223
434,2018-03-20 20:17:24.522261131,40
435,2018-03-21 00:39:37.188594297,497
436,2018-03-21 05:01:49.854927464,182
437,2018-03-21 09:24:02.521260631,270
438,2018-03-21 13:46:15.187593797,187
439,2018-03-21 18:08:27.853926964,245
440,2018-03-21 22:30:40.520260130,478
441,2018-03-22 02:52:53.186593297,309
442,2018-03-22 07:15:05.852926464,231
443,2018-03-22 11:37:18.519259630,383
444,2018-03-22 15:59:31.185592797,155
445,2018-03-22 20:21:43.851925963,175
446,2018-03-23 00:43:56.518259130,336
447,2018-03-23 05:06:09.184592296,115
448,2018-03-23 09:28:21.850925463,390
449,2018-03-23 13:50:34.517258630,311
450,2018-03-23 18:12:47.183591796,481
451,2018-03-23 22:34:59.849924963,300
452,2018-03-24 02:57:12.516258129,18
453,2018-03-24 07:19:25.182591296,272
454,2018-03-24 11:41:37.848924463,12
455,2018-03-24 16:03:50.515257629,404
456,2018-03-24 20:26:03.181590796,301
457,2018-03-25 00:48:15.847923962,192
458,2018-03-25 05:10:28.514257129,232
459,2018-03-25 09:32:41.180590295,443
460,2018-03-25 13:54:53.846923462,93
461,2018-03-25 18:17:06.513256629,478
462,2018-03-25 22:39:19.179589795,218
463,2018-03-26 03:01:31.845922962,278
464,2018-03-26 07:23:44.512256128,353
465,2018-03-26 11:45:57.178589295,487
466,2018-03-26 16:08:09.844922462,303
467,2018-03-26 20:30:22.511255628,29
468,2018-03-27 00:52:35.177588795,470
469,2018-03-27 05:14:47.843921961,301
470,2018-03-27 09:37:00.510255128,77
471,2018-03-27 13:59:13.176588294,9
472,2018-03-27 18:21:25.842921461,24
473,2018-03-27 22:43:38.509254628,15
474,2018-03-28 03:05:51.175587794,164
475,2018-03-28 07:28:03.841920961,13
476,2018-03-28 11:50:16.508254127,347
477,2018-03-28 16:12:29.174587294,172
478,2018-03-28 20:34:41.840920461,357
479,2018-03-29 00:56:54.507253627,327
480,2018-03-29 05:19:07.173586794,200
481,2018-03-29 09:41:19.839919960,485
482,2018-03-29 14:03:32.506253127,489
483,2018-03-29 18:25:45.172586293,462
484,2018-03-29 22:47:57.838919460,378
485,2018-03-30 03:10:10.505252627,76
486,2018-03-30 07:32:23.171585793,164
487,2018-03-30 11:54:35.837918960,372
488,2018-03-30 16:16:48.504252126,61
489,2018-03-30 20:39:01.170585293,488
490,2018-03-31 01:01:13.836918460,465
491,2018-03-31 05:23:26.503251626,424
492,2018-03-31 09:45:39.169584793,245
493,2018-03-31 14:07:51.835917959,477
494,2018-03-31 18:30:04.502251126,382
495,2018-03-31 22:52:17.168584292,155
496,2018-04-01 03:14:29.834917459,257
497,2018-04-01 07:36:42.501250626,244
498,2018-04-01 11:58:55.167583792,162
499,2018-04-01 16:21:07.833916959,68
500,2018-04-01 20:43:20.500250125,344
501,2018-04-02 01:05:33.166583292,277
502,2018-04-02 05:27:45.832916459,161
503,2018-04-02 09:49:58.499249625,391
504,2018-04-02 14:12:11.165582792,449
505,2018-04-02 18:34:23.831915958,489
506,2018-04-02 22:56:36.498249125,259
507,2018-04-03 03:18:49.164582291,492
508,2018-04-03 07:41:01.830915458,307
509,2018-04-03 12:03:14.497248625,335
510,2018-04-03 16:25:27.163581791,95
511,2018-04-03 20:47:39.829914958,438
512,2018-04-04 01:09:52.496248124,464
513,2018-04-04 05:32:05.162581291,458
514,2018-04-04 09:54:17.828914458,246
515,2018-04-04 14:16:30.495247624,221
516,2018-04-04 18:38:43.161580791,123
517,2018-04-04 23:00:55.827913957,187
518,2018-04-05 03:23:08.494247124,262
519,2018-04-05 07:45:21.160580291,413
520,2018-04-05 12:07:33.826913457,273
521,2018-04-05 16:29:46.493246624,373
522,2018-04-05 20:51:59.159579790,60
523,2018-04-06 01:14:11.825912957,406
524,2018-04-06 05:36:24.492246123,408
525,2018-04-06 09:58:37.158579290,125
526,2018-04-06 14:20:49.824912457,337
527,2018-04-06 18:43:02.491245623,341
528,2018-04-06 23:05:15.157578790,51
529,2018-04-07 03:27:27.823911956,178
530,2018-04-07 07:49:40.490245123,139
531,2018-04-07 12:11:53.156578290,440
532,2018-04-07 16:34:05.822911456,327
533,2018-04-07 20:56:18.489244623,170
534,2018-04-08 01:18:31.155577789,39
535,2018-04-08 05:40:43.821910956,69
536,2018-04-08 10:02:56.488244122,236
537,2018-04-08 14:25:09.154577289,48
538,2018-04-08 18:47:21.820910456,381
539,2018-04-08 23:09:34.487243622,57
540,2018-04-09 03:31:47.153576789,277
541,2018-04-09 07:53:59.819909955,338
542,2018-04-09 12:16:12.486243122,99
543,2018-04-09 16:38:25.152576289,404
544,2018-04-09 21:00:37.818909455,15
545,2018-04-10 01:22:50.485242622,325
546,2018-04-10 05:45:03.151575788,461
547,2018-04-10 10:07:15.817908955,179
548,2018-04-10 14:29:28.484242121,332
549,2018-04-10 18:51:41.150575288,62
550,2018-04-10 23:13:53.816908455,119
551,2018-04-11 03:36:06.483241621,469
552,2018-04-11 07:58:19.149574788,37
553,2018-04-11 12:20:31.815907954,134
554,2018-04-11 16:42:44.482241121,455
555,2018-04-11 21:04:57.148574288,26
556,2018-04-12 01:27:09.814907454,490
557,2018-04-12 05:49:22.481240621,496
558,2018-04-12 10:11:35.147573787,8
559,2018-04-12 14:33:47.813906954,457
560,2018-04-12 18:56:00.480240120,475
561,2018-04-12 23:18:13.146573287,4
562,2018-04-13 03:40:25.812906454,21
563,2018-04-13 08:02:38.479239620,415
564,2018-04-13 12:24:51.145572787,149
565,2018-04-13 16:47:03.811905953,488
566,2018-04-13 21:09:16.478239120,25
567,2018-04-14 01:31:29.144572287,487
568,2018-04-14 05:53:41.810905453,143
569,2018-04-14 10:15:54.477238620,245
570,2018-04-14 14:38:07.143571786,419
571,2018-04-14 19:00:19.809904953,433
572,2018-04-14 23:22:32.476238119,43
573,2018-04-15 03:44:45.142571286,425
574,2018-04-15 08:06:57.808904452,293
575,2018-04-15 12:29:10.475237620,185
576,2018-04-15 16:51:23.141570786,42
577,2018-04-15 21:13:35.807903952,431
578,2018-04-16 01:35:48.474237118,92
579,2018-04-16 05:58:01.140570286,317
580,2018-04-16 10:20:13.806903452,398
581,2018-04-16 14:42:26.473236618,324
582,2018-04-16 19:04:39.139569786,53
583,2018-04-16 23:26:51.805902952,84
584,2018-04-17 03:49:04.472236118,34
585,2018-04-17 08:11:17.138569286,76
586,2018-04-17 12:33:29.804902452,353
587,2018-04-17 16:55:42.471235618,408
588,2018-04-17 21:17:55.137568784,404
589,2018-04-18 01:40:07.803901952,197
590,2018-04-18 06:02:20.470235118,486
591,2018-04-18 10:24:33.136568284,286
592,2018-04-18 14:46:45.802901452,88
593,2018-04-18 19:08:58.469234618,235
594,2018-04-18 23:31:11.135567784,232
595,2018-04-19 03:53:23.801900950,7
596,2018-04-19 08:15:36.468234118,292
597,2018-04-19 12:37:49.134567284,38
598,2018-04-19 17:00:01.800900450,464
599,2018-04-19 21:22:14.467233618,52
600,2018-04-20 01:44:27.133566784,143
601,2018-04-20 06:06:39.799899950,430
602,2018-04-20 10:28:52.466233116,407
603,2018-04-20 14:51:05.132566284,396
604,2018-04-20 19:13:17.798899450,221
605,2018-04-20 23:35:30.465232616,428
606,2018-04-21 03:57:43.131565784,240
607,2018-04-21 08:19:55.797898950,143
608,2018-04-21 12:42:08.464232116,349
609,2018-04-21 17:04:21.130565284,493
610,2018-04-21 21:26:33.796898450,363
611,2018-04-22 01:48:46.463231616,382
612,2018-04-22 06:10:59.129564782,49
613,2018-04-22 10:33:11.795897950,277
614,2018-04-22 14:55:24.462231116,271
615,2018-04-22 19:17:37.128564282,14
616,2018-04-22 23:39:49.794897450,298
617,2018-04-23 04:02:02.461230616,492
618,2018-04-23 08:24:15.127563782,464
619,2018-04-23 12:46:27.793896948,15
620,2018-04-23 17:08:40.460230116,234
621,2018-04-23 21:30:53.126563282,63
622,2018-04-24 01:53:05.792896448,196
623,2018-04-24 06:15:18.459229616,27
624,2018-04-24 10:37:31.125562782,471
625,2018-04-24 14:59:43.791895948,93
626,2018-04-24 19:21:56.458229114,105
627,2018-04-24 23:44:09.124562282,309
628,2018-04-25 04:06:21.790895448,52
629,2018-04-25 08:28:34.457228614,319
630,2018-04-25 12:50:47.123561782,457
631,2018-04-25 17:12:59.789894948,181
632,2018-04-25 21:35:12.456228114,57
633,2018-04-26 01:57:25.122561282,120
634,2018-04-26 06:19:37.788894448,308
635,2018-04-26 10:41:50.455227614,363
636,2018-04-26 15:04:03.121560780,43
637,2018-04-26 19:26:15.787893948,135
638,2018-04-26 23:48:28.454227114,373
639,2018-04-27 04:10:41.120560280,426
640,2018-04-27 08:32:53.786893448,260
641,2018-04-27 12:55:06.453226614,197
642,2018-04-27 17:17:19.119559780,133
643,2018-04-27 21:39:31.785892946,459
644,2018-04-28 02:01:44.452226114,255
645,2018-04-28 06:23:57.118559280,489
646,2018-04-28 10:46:09.784892446,220
647,2018-04-28 15:08:22.451225614,336
648,2018-04-28 19:30:35.117558780,41
649,2018-04-28 23:52:47.783891946,478
650,2018-04-29 04:15:00.450225114,388
651,2018-04-29 08:37:13.116558280,255
652,2018-04-29 12:59:25.782891446,2
653,2018-04-29 17:21:38.449224612,494
654,2018-04-29 21:43:51.115557780,195
655,2018-04-30 02:06:03.781890946,242
656,2018-04-30 06:28:16.448224112,149
657,2018-04-30 10:50:29.114557280,198
658,2018-04-30 15:12:41.780890446,299
659,2018-04-30 19:34:54.447223612,245
660,2018-04-30 23:57:07.113556778,338
661,2018-05-01 04:19:19.779889946,108
662,2018-05-01 08:41:32.446223112,453
663,2018-05-01 13:03:45.112556278,393
664,2018-05-01 17:25:57.778889446,212
665,2018-05-01 21:48:10.445222612,156
666,2018-05-02 02:10:23.111555778,26
667,2018-05-02 06:32:35.777888944,82
668,2018-05-02 10:54:48.444222112,83
669,2018-05-02 15:17:01.110555278,131
670,2018-05-02 19:39:13.776888444,329
671,2018-05-03 00:01:26.443221612,100
672,2018-05-03 04:23:39.109554778,256
673,2018-05-03 08:45:51.775887944,479
674,2018-05-03 13:08:04.442221112,49
675,2018-05-03 17:30:17.108554278,401
676,2018-05-03 21:52:29.774887444,63
677,2018-05-04 02:14:42.441220610,311
678,2018-05-04 06:36:55.107553778,407
679,2018-05-04 10:59:07.773886944,290
680,2018-05-04 15:21:20.440220110,105
681,2018-05-04 19:43:33.106553278,105
682,2018-05-05 00:05:45.772886444,325
683,2018-05-05 04:27:58.439219610,15
684,2018-05-05 08:50:11.105552776,175
685,2018-05-05 13:12:23.771885944,259
686,2018-05-05 17:34:36.438219110,211
687,2018-05-05 21:56:49.104552276,412
688,2018-05-06 02:19:01.770885444,259
689,2018-05-06 06:41:14.437218610,102
690,2018-05-06 11:03:27.103551776,260
691,2018-05-06 15:25:39.769884942,344
692,2018-05-06 19:47:52.436218110,159
693,2018-05-07 00:10:05.102551276,45
694,2018-05-07 04:32:17.768884442,443
695,2018-05-07 08:54:30.435217610,301
696,2018-05-07 13:16:43.101550776,251
697,2018-05-07 17:38:55.767883942,331
698,2018-05-07 22:01:08.434217110,165
699,2018-05-08 02:23:21.100550276,193
700,2018-05-08 06:45:33.766883442,9
701,2018-05-08 11:07:46.433216608,401
702,2018-05-08 15:29:59.099549776,374
703,2018-05-08 19:52:11.765882942,65
704,2018-05-09 00:14:24.432216108,387
705,2018-05-09 04:36:37.098549276,495
706,2018-05-09 08:58:49.764882442,282
707,2018-05-09 13:21:02.431215608,181
708,2018-05-09 17:43:15.097548774,415
709,2018-05-09 22:05:27.763881942,282
710,2018-05-10 02:27:40.430215108,279
711,2018-05-10 06:49:53.096548274,30
712,2018-05-10 11:12:05.762881442,266
713,2018-05-10 15:34:18.429214608,328
714,2018-05-10 19:56:31.095547774,492
715,2018-05-11 00:18:43.761880940,217
716,2018-05-11 04:40:56.428214108,320
717,2018-05-11 09:03:09.094547274,406
718,2018-05-11 13:25:21.760880440,399
719,2018-05-11 17:47:34.427213608,379
720,2018-05-11 22:09:47.093546774,105
721,2018-05-12 02:31:59.759879940,184
722,2018-05-12 06:54:12.426213108,330
723,2018-05-12 11:16:25.092546274,148
724,2018-05-12 15:38:37.758879440,105
725,2018-05-12 20:00:50.425212606,47
726,2018-05-13 00:23:03.091545774,87
727,2018-05-13 04:45:15.757878940,309
728,2018-05-13 09:07:28.424212106,437
729,2018-05-13 13:29:41.090545274,129
730,2018-05-13 17:51:53.756878440,258
731,2018-05-13 22:14:06.423211606,314
732,2018-05-14 02:36:19.089544772,147
733,2018-05-14 06:58:31.755877940,446
734,2018-05-14 11:20:44.422211106,462
735,2018-05-14 15:42:57.088544272,72
736,2018-05-14 20:05:09.754877440,486
737,2018-05-15 00:27:22.421210606,140
738,2018-05-15 04:49:35.087543772,410
739,2018-05-15 09:11:47.753876938,27
740,2018-05-15 13:34:00.420210106,29
741,2018-05-15 17:56:13.086543272,271
742,2018-05-15 22:18:25.752876438,174
743,2018-05-16 02:40:38.419209606,253
744,2018-05-16 07:02:51.085542772,385
745,2018-05-16 11:25:03.751875938,60
746,2018-05-16 15:47:16.418209106,107
747,2018-05-16 20:09:29.084542272,220
748,2018-05-17 00:31:41.750875438,441
749,2018-05-17 04:53:54.417208604,259
750,2018-05-17 09:16:07.083541772,371
751,2018-05-17 13:38:19.749874938,146
752,2018-05-17 18:00:32.416208104,52
753,2018-05-17 22:22:45.082541272,60
754,2018-05-18 02:44:57.748874438,34
755,2018-05-18 07:07:10.415207604,96
756,2018-05-18 11:29:23.081540770,477
757,2018-05-18 15:51:35.747873938,89
758,2018-05-18 20:13:48.414207104,316
759,2018-05-19 00:36:01.080540270,410
760,2018-05-19 04:58:13.746873438,231
761,2018-05-19 09:20:26.413206604,456
762,2018-05-19 13:42:39.079539770,275
763,2018-05-19 18:04:51.745872936,246
764,2018-05-19 22:27:04.412206104,111
765,2018-05-20 02:49:17.078539270,234
766,2018-05-20 07:11:29.744872436,278
767,2018-05-20 11:33:42.411205604,477
768,2018-05-20 15:55:55.077538770,417
769,2018-05-20 20:18:07.743871936,166
770,2018-05-21 00:40:20.410205104,128
771,2018-05-21 05:02:33.076538270,237
772,2018-05-21 09:24:45.742871436,494
773,2018-05-21 13:46:58.409204602,291
774,2018-05-21 18:09:11.075537770,107
775,2018-05-21 22:31:23.741870936,128
776,2018-05-22 02:53:36.408204102,195
777,2018-05-22 07:15:49.074537270,339
778,2018-05-22 11:38:01.740870436,394
779,2018-05-22 16:00:14.407203602,475
780,2018-05-22 20:22:27.073536768,143
781,2018-05-23 00:44:39.739869936,395
782,2018-05-23 05:06:52.406203102,111
783,2018-05-23 09:29:05.072536268,90
784,2018-05-23 13:51:17.738869436,251
785,2018-05-23 18:13:30.405202602,280
786,2018-05-23 22:35:43.071535768,333
787,2018-05-24 02:57:55.737868936,224
788,2018-05-24 07:20:08.404202102,101
789,2018-05-24 11:42:21.070535268,132
790,2018-05-24 16:04:33.736868434,13
791,2018-05-24 20:26:46.403201602,457
792,2018-05-25 00:48:59.069534768,441
793,2018-05-25 05:11:11.735867934,497
794,2018-05-25 09:33:24.402201102,98
795,2018-05-25 13:55:37.068534268,120
796,2018-05-25 18:17:49.734867434,293
797,2018-05-25 22:40:02.401200600,304
798,2018-05-26 03:02:15.067533768,199
799,2018-05-26 07:24:27.733866934,1
800,2018-05-26 11:46:40.400200100,60
801,2018-05-26 16:08:53.066533268,250
802,2018-05-26 20:31:05.732866434,140
803,2018-05-27 00:53:18.399199600,149
804,2018-05-27 05:15:31.065532766,395
805,2018-05-27 09:37:43.731865934,44
806,2018-05-27 13:59:56.398199100,371
807,2018-05-27 18:22:09.064532266,186
808,2018-05-27 22:44:21.730865434,108
809,2018-05-28 03:06:34.397198600,44
810,2018-05-28 07:28:47.063531766,78
811,2018-05-28 11:50:59.729864934,226
812,2018-05-28 16:13:12.396198100,162
813,2018-05-28 20:35:25.062531266,281
814,2018-05-29 00:57:37.728864432,253
815,2018-05-29 05:19:50.395197600,132
816,2018-05-29 09:42:03.061530766,448
817,2018-05-29 14:04:15.727863932,372
818,2018-05-29 18:26:28.394197100,375
819,2018-05-29 22:48:41.060530266,474
820,2018-05-30 03:10:53.726863432,144
821,2018-05-30 07:33:06.393196598,266
822,2018-05-30 11:55:19.059529766,109
823,2018-05-30 16:17:31.725862932,194
824,2018-05-30 20:39:44.392196098,35
825,2018-05-31 01:01:57.058529266,467
826,2018-05-31 05:24:09.724862432,390
827,2018-05-31 09:46:22.391195598,275
828,2018-05-31 14:08:35.057528764,187
829,2018-05-31 18:30:47.723861932,437
830,2018-05-31 22:53:00.390195098,500
831,2018-06-01 03:15:13.056528264,243
832,2018-06-01 07:37:25.722861432,264
833,2018-06-01 11:59:38.389194598,462
834,2018-06-01 16:21:51.055527764,10
835,2018-06-01 20:44:03.721860932,451
836,2018-06-02 01:06:16.388194098,166
837,2018-06-02 05:28:29.054527264,29
838,2018-06-02 09:50:41.720860430,271
839,2018-06-02 14:12:54.387193598,87
840,2018-06-02 18:35:07.053526764,23
841,2018-06-02 22:57:19.719859930,210
842,2018-06-03 03:19:32.386193098,46
843,2018-06-03 07:41:45.052526264,467
844,2018-06-03 12:03:57.718859430,28
845,2018-06-03 16:26:10.385192596,26
846,2018-06-03 20:48:23.051525764,266
847,2018-06-04 01:10:35.717858930,175
848,2018-06-04 05:32:48.384192096,4
849,2018-06-04 09:55:01.050525264,311
850,2018-06-04 14:17:13.716858430,322
851,2018-06-04 18:39:26.383191596,67
852,2018-06-04 23:01:39.049524762,135
853,2018-06-05 03:23:51.715857930,55
854,2018-06-05 07:46:04.382191096,464
855,2018-06-05 12:08:17.048524262,31
856,2018-06-05 16:30:29.714857430,74
857,2018-06-05 20:52:42.381190596,19
858,2018-06-06 01:14:55.047523762,156
859,2018-06-06 05:37:07.713856930,337
860,2018-06-06 09:59:20.380190096,156
861,2018-06-06 14:21:33.046523262,147
862,2018-06-06 18:43:45.712856428,485
863,2018-06-06 23:05:58.379189596,87
864,2018-06-07 03:28:11.045522762,20
865,2018-06-07 07:50:23.711855928,269
866,2018-06-07 12:12:36.378189096,333
867,2018-06-07 16:34:49.044522262,43
868,2018-06-07 20:57:01.710855428,395
869,2018-06-08 01:19:14.377188594,432
870,2018-06-08 05:41:27.043521762,399
871,2018-06-08 10:03:39.709854928,401
872,2018-06-08 14:25:52.376188094,438
873,2018-06-08 18:48:05.042521262,306
874,2018-06-08 23:10:17.708854428,28
875,2018-06-09 03:32:30.375187594,467
876,2018-06-09 07:54:43.041520760,260
877,2018-06-09 12:16:55.707853928,22
878,2018-06-09 16:39:08.374187094,470
879,2018-06-09 21:01:21.040520260,375
880,2018-06-10 01:23:33.706853428,101
881,2018-06-10 05:45:46.373186594,39
882,2018-06-10 10:07:59.039519760,290
883,2018-06-10 14:30:11.705852928,353
884,2018-06-10 18:52:24.372186094,300
885,2018-06-10 23:14:37.038519260,170
886,2018-06-11 03:36:49.704852426,296
887,2018-06-11 07:59:02.371185594,353
888,2018-06-11 12:21:15.037518760,396
889,2018-06-11 16:43:27.703851926,130
890,2018-06-11 21:05:40.370185094,156
891,2018-06-12 01:27:53.036518260,74
892,2018-06-12 05:50:05.702851426,342
893,2018-06-12 10:12:18.369184592,465
894,2018-06-12 14:34:31.035517760,90
895,2018-06-12 18:56:43.701850926,67
896,2018-06-12 23:18:56.368184092,455
897,2018-06-13 03:41:09.034517260,236
898,2018-06-13 08:03:21.700850426,200
899,2018-06-13 12:25:34.367183592,468
900,2018-06-13 16:47:47.033516760,332
901,2018-06-13 21:09:59.699849926,227
902,2018-06-14 01:32:12.366183092,465
903,2018-06-14 05:54:25.032516258,348
904,2018-06-14 10:16:37.698849426,233
905,2018-06-14 14:38:50.365182592,266
906,2018-06-14 19:01:03.031515758,86
907,2018-06-14 23:23:15.697848926,102
908,2018-06-15 03:45:28.364182092,441
909,2018-06-15 08:07:41.030515258,481
910,2018-06-15 12:29:53.696848424,214
911,2018-06-15 16:52:06.363181592,108
912,2018-06-15 21:14:19.029514758,165
913,2018-06-16 01:36:31.695847924,461
914,2018-06-16 05:58:44.362181092,91
915,2018-06-16 10:20:57.028514258,192
916,2018-06-16 14:43:09.694847424,335
917,2018-06-16 19:05:22.361180590,86
918,2018-06-16 23:27:35.027513758,222
919,2018-06-17 03:49:47.693846924,363
920,2018-06-17 08:12:00.360180090,424
921,2018-06-17 12:34:13.026513258,101
922,2018-06-17 16:56:25.692846424,226
923,2018-06-17 21:18:38.359179590,364
924,2018-06-18 01:40:51.025512758,60
925,2018-06-18 06:03:03.691845924,482
926,2018-06-18 10:25:16.358179090,250
927,2018-06-18 14:47:29.024512256,48
928,2018-06-18 19:09:41.690845424,117
929,2018-06-18 23:31:54.357178590,227
930,2018-06-19 03:54:07.023511756,362
931,2018-06-19 08:16:19.689844924,403
932,2018-06-19 12:38:32.356178090,456
933,2018-06-19 17:00:45.022511256,487
934,2018-06-19 21:22:57.688844422,33
935,2018-06-20 01:45:10.355177590,44
936,2018-06-20 06:07:23.021510756,476
937,2018-06-20 10:29:35.687843922,165
938,2018-06-20 14:51:48.354177090,368
939,2018-06-20 19:14:01.020510256,345
940,2018-06-20 23:36:13.686843422,292
941,2018-06-21 03:58:26.353176588,337
942,2018-06-21 08:20:39.019509756,344
943,2018-06-21 12:42:51.685842922,405
944,2018-06-21 17:05:04.352176088,386
945,2018-06-21 21:27:17.018509256,287
946,2018-06-22 01:49:29.684842422,364
947,2018-06-22 06:11:42.351175588,225
948,2018-06-22 10:33:55.017508756,286
949,2018-06-22 14:56:07.683841922,204
950,2018-06-22 19:18:20.350175088,172
951,2018-06-22 23:40:33.016508254,12
952,2018-06-23 04:02:45.682841422,307
953,2018-06-23 08:24:58.349174588,121
954,2018-06-23 12:47:11.015507754,433
955,2018-06-23 17:09:23.681840922,244
956,2018-06-23 21:31:36.348174088,152
957,2018-06-24 01:53:49.014507254,152
958,2018-06-24 06:16:01.680840420,188
959,2018-06-24 10:38:14.347173588,395
960,2018-06-24 15:00:27.013506754,13
961,2018-06-24 19:22:39.679839920,91
962,2018-06-24 23:44:52.346173088,200
963,2018-06-25 04:07:05.012506254,74
964,2018-06-25 08:29:17.678839420,256
965,2018-06-25 12:51:30.345172586,456
966,2018-06-25 17:13:43.011505754,448
967,2018-06-25 21:35:55.677838920,276
968,2018-06-26 01:58:08.344172086,328
969,2018-06-26 06:20:21.010505254,329
970,2018-06-26 10:42:33.676838420,71
971,2018-06-26 15:04:46.343171586,78
972,2018-06-26 19:26:59.009504754,284
973,2018-06-26 23:49:11.675837920,130
974,2018-06-27 04:11:24.342171086,377
975,2018-06-27 08:33:37.008504252,43
976,2018-06-27 12:55:49.674837420,8
977,2018-06-27 17:18:02.341170586,13
978,2018-06-27 21:40:15.007503752,213
979,2018-06-28 02:02:27.673836920,111
980,2018-06-28 06:24:40.340170086,476
981,2018-06-28 10:46:53.006503252,291
982,2018-06-28 15:09:05.672836418,23
983,2018-06-28 19:31:18.339169586,302
984,2018-06-28 23:53:31.005502752,254
985,2018-06-29 04:15:43.671835918,15
986,2018-06-29 08:37:56.338169086,130
987,2018-06-29 13:00:09.004502252,61
988,2018-06-29 17:22:21.670835418,115
989,2018-06-29 21:44:34.337168584,460
990,2018-06-30 02:06:47.003501752,320
991,2018-06-30 06:28:59.669834918,308
992,2018-06-30 10:51:12.336168084,420
993,2018-06-30 15:13:25.002501252,451
994,2018-06-30 19:35:37.668834418,325
995,2018-06-30 23:57:50.335167584,67
996,2018-07-01 04:20:03.001500752,249
997,2018-07-01 08:42:15.667833918,175
998,2018-07-01 13:04:28.334167084,339
999,2018-07-01 17:26:41.000500250,2
1000,2018-07-01 21:48:53.666833418,172
1001,2018-07-02 02:11:06.333166584,485
1002,2018-07-02 06:33:18.999499750,448
1003,2018-07-02 10:55:31.665832918,465
1004,2018-07-02 15:17:44.332166084,334
1005,2018-07-02 19:39:56.998499250,284
1006,2018-07-03 00:02:09.664832416,475
1007,2018-07-03 04:24:22.331165584,54
1008,2018-07-03 08:46:34.997498750,458
1009,2018-07-03 13:08:47.663831916,67
1010,2018-07-03 17:31:00.330165084,420
1011,2018-07-03 21:53:12.996498250,102
1012,2018-07-04 02:15:25.662831416,120
1013,2018-07-04 06:37:38.329164582,191
1014,2018-07-04 10:59:50.995497750,409
1015,2018-07-04 15:22:03.661830916,470
1016,2018-07-04 19:44:16.328164082,304
1017,2018-07-05 00:06:28.994497250,423
1018,2018-07-05 04:28:41.660830416,47
1019,2018-07-05 08:50:54.327163582,222
1020,2018-07-05 13:13:06.993496750,21
1021,2018-07-05 17:35:19.659829916,158
1022,2018-07-05 21:57:32.326163082,348
1023,2018-07-06 02:19:44.992496248,159
1024,2018-07-06 06:41:57.658829416,377
1025,2018-07-06 11:04:10.325162582,372
1026,2018-07-06 15:26:22.991495748,410
1027,2018-07-06 19:48:35.657828916,235
1028,2018-07-07 00:10:48.324162082,150
1029,2018-07-07 04:33:00.990495248,405
1030,2018-07-07 08:55:13.656828414,257
1031,2018-07-07 13:17:26.323161582,165
1032,2018-07-07 17:39:38.989494748,77
1033,2018-07-07 22:01:51.655827914,85
1034,2018-07-08 02:24:04.322161082,46
1035,2018-07-08 06:46:16.988494248,393
1036,2018-07-08 11:08:29.654827414,401
1037,2018-07-08 15:30:42.321160582,47
1038,2018-07-08 19:52:54.987493748,213
1039,2018-07-09 00:15:07.653826914,479
1040,2018-07-09 04:37:20.320160080,487
1041,2018-07-09 08:59:32.986493248,59
1042,2018-07-09 13:21:45.652826414,54
1043,2018-07-09 17:43:58.319159580,342
1044,2018-07-09 22:06:10.985492748,12
1045,2018-07-10 02:28:23.651825914,192
1046,2018-07-10 06:50:36.318159080,6
1047,2018-07-10 11:12:48.984492246,309
1048,2018-07-10 15:35:01.650825414,144
1049,2018-07-10 19:57:14.317158580,346
1050,2018-07-11 00:19:26.983491746,261
1051,2018-07-11 04:41:39.649824914,73
1052,2018-07-11 09:03:52.316158080,174
1053,2018-07-11 13:26:04.982491246,232
1054,2018-07-11 17:48:17.648824412,270
1055,2018-07-11 22:10:30.315157580,428
1056,2018-07-12 02:32:42.981490746,447
1057,2018-07-12 06:54:55.647823912,362
1058,2018-07-12 11:17:08.314157080,222
1059,2018-07-12 15:39:20.980490246,52
1060,2018-07-12 20:01:33.646823412,116
1061,2018-07-13 00:23:46.313156580,26
1062,2018-07-13 04:45:58.979489746,53
1063,2018-07-13 09:08:11.645822912,365
1064,2018-07-13 13:30:24.312156078,29
1065,2018-07-13 17:52:36.978489246,19
1066,2018-07-13 22:14:49.644822412,303
1067,2018-07-14 02:37:02.311155578,392
1068,2018-07-14 06:59:14.977488746,279
1069,2018-07-14 11:21:27.643821912,117
1070,2018-07-14 15:43:40.310155078,106
1071,2018-07-14 20:05:52.976488244,419
1072,2018-07-15 00:28:05.642821412,479
1073,2018-07-15 04:50:18.309154578,309
1074,2018-07-15 09:12:30.975487744,227
1075,2018-07-15 13:34:43.641820912,352
1076,2018-07-15 17:56:56.308154078,186
1077,2018-07-15 22:19:08.974487244,261
1078,2018-07-16 02:41:21.640820410,16
1079,2018-07-16 07:03:34.307153578,273
1080,2018-07-16 11:25:46.973486744,160
1081,2018-07-16 15:47:59.639819910,358
1082,2018-07-16 20:10:12.306153078,250
1083,2018-07-17 00:32:24.972486244,224
1084,2018-07-17 04:54:37.638819410,256
1085,2018-07-17 09:16:50.305152578,180
1086,2018-07-17 13:39:02.971485744,20
1087,2018-07-17 18:01:15.637818910,112
1088,2018-07-17 22:23:28.304152076,120
1089,2018-07-18 02:45:40.970485244,194
1090,2018-07-18 07:07:53.636818410,468
1091,2018-07-18 11:30:06.303151576,111
1092,2018-07-18 15:52:18.969484744,210
1093,2018-07-18 20:14:31.635817910,1
1094,2018-07-19 00:36:44.302151076,58
1095,2018-07-19 04:58:56.968484242,93
1096,2018-07-19 09:21:09.634817410,221
1097,2018-07-19 13:43:22.301150576,211
1098,2018-07-19 18:05:34.967483742,428
1099,2018-07-19 22:27:47.633816910,232
1100,2018-07-20 02:50:00.300150076,262
1101,2018-07-20 07:12:12.966483242,364
1102,2018-07-20 11:34:25.632816408,103
1103,2018-07-20 15:56:38.299149576,50
1104,2018-07-20 20:18:50.965482742,374
1105,2018-07-21 00:41:03.631815908,110
1106,2018-07-21 05:03:16.298149076,456
1107,2018-07-21 09:25:28.964482242,88
1108,2018-07-21 13:47:41.630815408,20
1109,2018-07-21 18:09:54.297148576,14
1110,2018-07-21 22:32:06.963481742,133
1111,2018-07-22 02:54:19.629814908,425
1112,2018-07-22 07:16:32.296148074,296
1113,2018-07-22 11:38:44.962481242,34
1114,2018-07-22 16:00:57.628814408,380
1115,2018-07-22 20:23:10.295147574,208
1116,2018-07-23 00:45:22.961480742,301
1117,2018-07-23 05:07:35.627813908,199
1118,2018-07-23 09:29:48.294147074,80
1119,2018-07-23 13:52:00.960480240,71
1120,2018-07-23 18:14:13.626813408,155
1121,2018-07-23 22:36:26.293146574,78
1122,2018-07-24 02:58:38.959479740,78
1123,2018-07-24 07:20:51.625812908,172
1124,2018-07-24 11:43:04.292146074,289
1125,2018-07-24 16:05:16.958479240,33
1126,2018-07-24 20:27:29.624812406,300
1127,2018-07-25 00:49:42.291145574,276
1128,2018-07-25 05:11:54.957478740,367
1129,2018-07-25 09:34:07.623811906,420
1130,2018-07-25 13:56:20.290145074,7
1131,2018-07-25 18:18:32.956478240,160
1132,2018-07-25 22:40:45.622811406,240
1133,2018-07-26 03:02:58.289144574,451
1134,2018-07-26 07:25:10.955477740,423
1135,2018-07-26 11:47:23.621810906,477
1136,2018-07-26 16:09:36.288144072,24
1137,2018-07-26 20:31:48.954477240,214
1138,2018-07-27 00:54:01.620810406,70
1139,2018-07-27 05:16:14.287143572,368
1140,2018-07-27 09:38:26.953476740,216
1141,2018-07-27 14:00:39.619809906,104
1142,2018-07-27 18:22:52.286143072,215
1143,2018-07-27 22:45:04.952476238,54
1144,2018-07-28 03:07:17.618809406,294
1145,2018-07-28 07:29:30.285142572,330
1146,2018-07-28 11:51:42.951475738,336
1147,2018-07-28 16:13:55.617808904,203
1148,2018-07-28 20:36:08.284142072,288
1149,2018-07-29 00:58:20.950475240,45
1150,2018-07-29 05:20:33.616808404,317
1151,2018-07-29 09:42:46.283141572,198
1152,2018-07-29 14:04:58.949474740,216
1153,2018-07-29 18:27:11.615807904,481
1154,2018-07-29 22:49:24.282141072,309
1155,2018-07-30 03:11:36.948474236,384
1156,2018-07-30 07:33:49.614807404,435
1157,2018-07-30 11:56:02.281140572,332
1158,2018-07-30 16:18:14.947473736,184
1159,2018-07-30 20:40:27.613806904,27
1160,2018-07-31 01:02:40.280140072,166
1161,2018-07-31 05:24:52.946473236,318
1162,2018-07-31 09:47:05.612806404,274
1163,2018-07-31 14:09:18.279139572,383
1164,2018-07-31 18:31:30.945472736,365
1165,2018-07-31 22:53:43.611805904,103
1166,2018-08-01 03:15:56.278139072,448
1167,2018-08-01 07:38:08.944472236,333
1168,2018-08-01 12:00:21.610805404,373
1169,2018-08-01 16:22:34.277138572,104
1170,2018-08-01 20:44:46.943471736,414
1171,2018-08-02 01:06:59.609804904,245
1172,2018-08-02 05:29:12.276138068,305
1173,2018-08-02 09:51:24.942471236,169
1174,2018-08-02 14:13:37.608804404,116
1175,2018-08-02 18:35:50.275137568,141
1176,2018-08-02 22:58:02.941470736,418
1177,2018-08-03 03:20:15.607803904,356
1178,2018-08-03 07:42:28.274137068,478
1179,2018-08-03 12:04:40.940470236,125
1180,2018-08-03 16:26:53.606803404,25
1181,2018-08-03 20:49:06.273136568,194
1182,2018-08-04 01:11:18.939469736,384
1183,2018-08-04 05:33:31.605802904,100
1184,2018-08-04 09:55:44.272136068,402
1185,2018-08-04 14:17:56.938469236,5
1186,2018-08-04 18:40:09.604802404,19
1187,2018-08-04 23:02:22.271135568,170
1188,2018-08-05 03:24:34.937468736,274
1189,2018-08-05 07:46:47.603801900,254
1190,2018-08-05 12:09:00.270135068,121
1191,2018-08-05 16:31:12.936468236,32
1192,2018-08-05 20:53:25.602801400,149
1193,2018-08-06 01:15:38.269134568,266
1194,2018-08-06 05:37:50.935467736,37
1195,2018-08-06 10:00:03.601800900,177
1196,2018-08-06 14:22:16.268134068,342
1197,2018-08-06 18:44:28.934467236,13
1198,2018-08-06 23:06:41.600800400,183
1199,2018-08-07 03:28:54.267133568,145
1200,2018-08-07 07:51:06.933466736,265
1201,2018-08-07 12:13:19.599799900,88
1202,2018-08-07 16:35:32.266133068,428
1203,2018-08-07 20:57:44.932466232,462
1204,2018-08-08 01:19:57.598799400,46
1205,2018-08-08 05:42:10.265132568,392
1206,2018-08-08 10:04:22.931465732,119
1207,2018-08-08 14:26:35.597798900,421
1208,2018-08-08 18:48:48.264132068,19
1209,2018-08-08 23:11:00.930465232,447
1210,2018-08-09 03:33:13.596798400,220
1211,2018-08-09 07:55:26.263131568,430
1212,2018-08-09 12:17:38.929464732,233
1213,2018-08-09 16:39:51.595797900,94
1214,2018-08-09 21:02:04.262131068,455
1215,2018-08-10 01:24:16.928464232,251
1216,2018-08-10 05:46:29.594797400,250
1217,2018-08-10 10:08:42.261130568,282
1218,2018-08-10 14:30:54.927463732,232
1219,2018-08-10 18:53:07.593796900,46
1220,2018-08-10 23:15:20.260130064,374
1221,2018-08-11 03:37:32.926463232,46
1222,2018-08-11 07:59:45.592796400,459
1223,2018-08-11 12:21:58.259129564,14
1224,2018-08-11 16:44:10.925462732,85
1225,2018-08-11 21:06:23.591795900,319
1226,2018-08-12 01:28:36.258129064,328
1227,2018-08-12 05:50:48.924462232,3
1228,2018-08-12 10:13:01.590795400,28
1229,2018-08-12 14:35:14.257128564,381
1230,2018-08-12 18:57:26.923461732,157
1231,2018-08-12 23:19:39.589794900,343
1232,2018-08-13 03:41:52.256128064,402
1233,2018-08-13 08:04:04.922461232,419
1234,2018-08-13 12:26:17.588794400,333
1235,2018-08-13 16:48:30.255127564,332
1236,2018-08-13 21:10:42.921460732,175
1237,2018-08-14 01:32:55.587793896,114
1238,2018-08-14 05:55:08.254127064,389
1239,2018-08-14 10:17:20.920460232,487
1240,2018-08-14 14:39:33.586793396,331
1241,2018-08-14 19:01:46.253126564,250
1242,2018-08-14 23:23:58.919459732,59
1243,2018-08-15 03:46:11.585792896,203
1244,2018-08-15 08:08:24.252126064,315
1245,2018-08-15 12:30:36.918459232,239
1246,2018-08-15 16:52:49.584792396,234
1247,2018-08-15 21:15:02.251125564,303
1248,2018-08-16 01:37:14.917458732,95
1249,2018-08-16 05:59:27.583791896,479
1250,2018-08-16 10:21:40.250125064,141
1251,2018-08-16 14:43:52.916458228,334
1252,2018-08-16 19:06:05.582791396,113
1253,2018-08-16 23:28:18.249124564,109
1254,2018-08-17 03:50:30.915457728,362
1255,2018-08-17 08:12:43.581790896,345
1256,2018-08-17 12:34:56.248124064,289
1257,2018-08-17 16:57:08.914457228,97
1258,2018-08-17 21:19:21.580790396,446
1259,2018-08-18 01:41:34.247123564,335
1260,2018-08-18 06:03:46.913456728,16
1261,2018-08-18 10:25:59.579789896,44
1262,2018-08-18 14:48:12.246123064,442
1263,2018-08-18 19:10:24.912456228,376
1264,2018-08-18 23:32:37.578789396,230
1265,2018-08-19 03:54:50.245122564,390
1266,2018-08-19 08:17:02.911455728,108
1267,2018-08-19 12:39:15.577788896,217
1268,2018-08-19 17:01:28.244122060,399
1269,2018-08-19 21:23:40.910455228,260
1270,2018-08-20 01:45:53.576788396,312
1271,2018-08-20 06:08:06.243121560,320
1272,2018-08-20 10:30:18.909454728,196
1273,2018-08-20 14:52:31.575787896,478
1274,2018-08-20 19:14:44.242121060,418
1275,2018-08-20 23:36:56.908454228,475
1276,2018-08-21 03:59:09.574787396,95
1277,2018-08-21 08:21:22.241120560,56
1278,2018-08-21 12:43:34.907453728,32
1279,2018-08-21 17:05:47.573786896,492
1280,2018-08-21 21:28:00.240120060,231
1281,2018-08-22 01:50:12.906453228,372
1282,2018-08-22 06:12:25.572786396,9
1283,2018-08-22 10:34:38.239119560,191
1284,2018-08-22 14:56:50.905452728,361
1285,2018-08-22 19:19:03.571785892,200
1286,2018-08-22 23:41:16.238119060,334
1287,2018-08-23 04:03:28.904452228,161
1288,2018-08-23 08:25:41.570785392,87
1289,2018-08-23 12:47:54.237118560,21
1290,2018-08-23 17:10:06.903451728,311
1291,2018-08-23 21:32:19.569784892,76
1292,2018-08-24 01:54:32.236118060,441
1293,2018-08-24 06:16:44.902451228,386
1294,2018-08-24 10:38:57.568784392,141
1295,2018-08-24 15:01:10.235117560,126
1296,2018-08-24 19:23:22.901450728,251
1297,2018-08-24 23:45:35.567783892,388
1298,2018-08-25 04:07:48.234117060,84
1299,2018-08-25 08:30:00.900450228,434
1300,2018-08-25 12:52:13.566783392,371
1301,2018-08-25 17:14:26.233116560,48
1302,2018-08-25 21:36:38.899449724,379
1303,2018-08-26 01:58:51.565782892,78
1304,2018-08-26 06:21:04.232116060,30
1305,2018-08-26 10:43:16.898449224,285
1306,2018-08-26 15:05:29.564782392,136
1307,2018-08-26 19:27:42.231115560,140
1308,2018-08-26 23:49:54.897448724,41
1309,2018-08-27 04:12:07.563781892,486
1310,2018-08-27 08:34:20.230115060,282
1311,2018-08-27 12:56:32.896448224,50
1312,2018-08-27 17:18:45.562781392,258
1313,2018-08-27 21:40:58.229114560,311
1314,2018-08-28 02:03:10.895447724,360
1315,2018-08-28 06:25:23.561780892,440
1316,2018-08-28 10:47:36.228114056,270
1317,2018-08-28 15:09:48.894447224,134
1318,2018-08-28 19:32:01.560780392,234
1319,2018-08-28 23:54:14.227113556,128
1320,2018-08-29 04:16:26.893446724,104
1321,2018-08-29 08:38:39.559779892,254
1322,2018-08-29 13:00:52.226113056,95
1323,2018-08-29 17:23:04.892446224,337
1324,2018-08-29 21:45:17.558779392,217
1325,2018-08-30 02:07:30.225112556,61
1326,2018-08-30 06:29:42.891445724,480
1327,2018-08-30 10:51:55.557778892,268
1328,2018-08-30 15:14:08.224112056,241
1329,2018-08-30 19:36:20.890445224,13
1330,2018-08-30 23:58:33.556778392,147
1331,2018-08-31 04:20:46.223111556,428
1332,2018-08-31 08:42:58.889444724,240
1333,2018-08-31 13:05:11.555777888,89
1334,2018-08-31 17:27:24.222111056,95
1335,2018-08-31 21:49:36.888444224,315
1336,2018-09-01 02:11:49.554777388,293
1337,2018-09-01 06:34:02.221110556,25
1338,2018-09-01 10:56:14.887443724,272
1339,2018-09-01 15:18:27.553776888,166
1340,2018-09-01 19:40:40.220110056,427
1341,2018-09-02 00:02:52.886443224,497
1342,2018-09-02 04:25:05.552776388,250
1343,2018-09-02 08:47:18.219109556,87
1344,2018-09-02 13:09:30.885442724,142
1345,2018-09-02 17:31:43.551775888,134
1346,2018-09-02 21:53:56.218109056,473
1347,2018-09-03 02:16:08.884442224,279
1348,2018-09-03 06:38:21.550775388,126
1349,2018-09-03 11:00:34.217108556,316
1350,2018-09-03 15:22:46.883441720,491
1351,2018-09-03 19:44:59.549774888,396
1352,2018-09-04 00:07:12.216108056,141
1353,2018-09-04 04:29:24.882441220,356
1354,2018-09-04 08:51:37.548774388,103
1355,2018-09-04 13:13:50.215107556,226
1356,2018-09-04 17:36:02.881440720,390
1357,2018-09-04 21:58:15.547773888,63
1358,2018-09-05 02:20:28.214107056,294
1359,2018-09-05 06:42:40.880440220,384
1360,2018-09-05 11:04:53.546773388,306
1361,2018-09-05 15:27:06.213106556,254
1362,2018-09-05 19:49:18.879439720,180
1363,2018-09-06 00:11:31.545772888,40
1364,2018-09-06 04:33:44.212106052,264
1365,2018-09-06 08:55:56.878439220,189
1366,2018-09-06 13:18:09.544772388,8
1367,2018-09-06 17:40:22.211105552,104
1368,2018-09-06 22:02:34.877438720,225
1369,2018-09-07 02:24:47.543771888,34
1370,2018-09-07 06:47:00.210105052,236
1371,2018-09-07 11:09:12.876438220,463
1372,2018-09-07 15:31:25.542771388,228
1373,2018-09-07 19:53:38.209104552,188
1374,2018-09-08 00:15:50.875437720,313
1375,2018-09-08 04:38:03.541770888,483
1376,2018-09-08 09:00:16.208104052,430
1377,2018-09-08 13:22:28.874437220,22
1378,2018-09-08 17:44:41.540770388,343
1379,2018-09-08 22:06:54.207103552,40
1380,2018-09-09 02:29:06.873436720,173
1381,2018-09-09 06:51:19.539769884,439
1382,2018-09-09 11:13:32.206103052,179
1383,2018-09-09 15:35:44.872436220,86
1384,2018-09-09 19:57:57.538769384,133
1385,2018-09-10 00:20:10.205102552,351
1386,2018-09-10 04:42:22.871435720,13
1387,2018-09-10 09:04:35.537768884,28
1388,2018-09-10 13:26:48.204102052,84
1389,2018-09-10 17:49:00.870435220,481
1390,2018-09-10 22:11:13.536768384,464
1391,2018-09-11 02:33:26.203101552,318
1392,2018-09-11 06:55:38.869434720,349
1393,2018-09-11 11:17:51.535767884,343
1394,2018-09-11 15:40:04.202101052,280
1395,2018-09-11 20:02:16.868434220,354
1396,2018-09-12 00:24:29.534767384,263
1397,2018-09-12 04:46:42.201100552,166
1398,2018-09-12 09:08:54.867433716,293
1399,2018-09-12 13:31:07.533766884,68
1400,2018-09-12 17:53:20.200100052,226
1401,2018-09-12 22:15:32.866433216,170
1402,2018-09-13 02:37:45.532766384,86
1403,2018-09-13 06:59:58.199099552,133
1404,2018-09-13 11:22:10.865432716,448
1405,2018-09-13 15:44:23.531765884,178
1406,2018-09-13 20:06:36.198099052,490
1407,2018-09-14 00:28:48.864432216,343
1408,2018-09-14 04:51:01.530765384,252
1409,2018-09-14 09:13:14.197098552,15
1410,2018-09-14 13:35:26.863431716,223
1411,2018-09-14 17:57:39.529764884,379
1412,2018-09-14 22:19:52.196098052,201
1413,2018-09-15 02:42:04.862431216,107
1414,2018-09-15 07:04:17.528764384,250
1415,2018-09-15 11:26:30.195097548,437
1416,2018-09-15 15:48:42.861430716,409
1417,2018-09-15 20:10:55.527763884,89
1418,2018-09-16 00:33:08.194097048,125
1419,2018-09-16 04:55:20.860430216,113
1420,2018-09-16 09:17:33.526763384,469
1421,2018-09-16 13:39:46.193096548,137
1422,2018-09-16 18:01:58.859429716,247
1423,2018-09-16 22:24:11.525762884,496
1424,2018-09-17 02:46:24.192096048,166
1425,2018-09-17 07:08:36.858429216,150
1426,2018-09-17 11:30:49.524762384,363
1427,2018-09-17 15:53:02.191095548,343
1428,2018-09-17 20:15:14.857428716,433
1429,2018-09-18 00:37:27.523761880,68
1430,2018-09-18 04:59:40.190095048,221
1431,2018-09-18 09:21:52.856428216,271
1432,2018-09-18 13:44:05.522761380,321
1433,2018-09-18 18:06:18.189094548,310
1434,2018-09-18 22:28:30.855427716,414
1435,2018-09-19 02:50:43.521760880,349
1436,2018-09-19 07:12:56.188094048,20
1437,2018-09-19 11:35:08.854427216,289
1438,2018-09-19 15:57:21.520760380,489
1439,2018-09-19 20:19:34.187093548,492
1440,2018-09-20 00:41:46.853426716,100
1441,2018-09-20 05:03:59.519759880,252
1442,2018-09-20 09:26:12.186093048,470
1443,2018-09-20 13:48:24.852426216,77
1444,2018-09-20 18:10:37.518759380,135
1445,2018-09-20 22:32:50.185092548,392
1446,2018-09-21 02:55:02.851425712,412
1447,2018-09-21 07:17:15.517758880,173
1448,2018-09-21 11:39:28.184092048,363
1449,2018-09-21 16:01:40.850425212,201
1450,2018-09-21 20:23:53.516758380,217
1451,2018-09-22 00:46:06.183091548,376
1452,2018-09-22 05:08:18.849424712,208
1453,2018-09-22 09:30:31.515757880,74
1454,2018-09-22 13:52:44.182091048,11
1455,2018-09-22 18:14:56.848424212,287
1456,2018-09-22 22:37:09.514757380,256
1457,2018-09-23 02:59:22.181090548,12
1458,2018-09-23 07:21:34.847423712,380
1459,2018-09-23 11:43:47.513756880,479
1460,2018-09-23 16:06:00.180090048,78
1461,2018-09-23 20:28:12.846423212,435
1462,2018-09-24 00:50:25.512756380,172
1463,2018-09-24 05:12:38.179089544,96
1464,2018-09-24 09:34:50.845422712,306
1465,2018-09-24 13:57:03.511755880,373
1466,2018-09-24 18:19:16.178089044,273
1467,2018-09-24 22:41:28.844422212,419
1468,2018-09-25 03:03:41.510755380,385
1469,2018-09-25 07:25:54.177088544,413
1470,2018-09-25 11:48:06.843421712,179
1471,2018-09-25 16:10:19.509754880,64
1472,2018-09-25 20:32:32.176088044,132
1473,2018-09-26 00:54:44.842421212,343
1474,2018-09-26 05:16:57.508754380,412
1475,2018-09-26 09:39:10.175087544,272
1476,2018-09-26 14:01:22.841420712,319
1477,2018-09-26 18:23:35.507753876,332
1478,2018-09-26 22:45:48.174087044,437
1479,2018-09-27 03:08:00.840420212,341
1480,2018-09-27 07:30:13.506753376,109
1481,2018-09-27 11:52:26.173086544,273
1482,2018-09-27 16:14:38.839419712,168
1483,2018-09-27 20:36:51.505752876,397
1484,2018-09-28 00:59:04.172086044,180
1485,2018-09-28 05:21:16.838419212,58
1486,2018-09-28 09:43:29.504752376,480
1487,2018-09-28 14:05:42.171085544,421
1488,2018-09-28 18:27:54.837418712,498
1489,2018-09-28 22:50:07.503751876,79
1490,2018-09-29 03:12:20.170085044,460
1491,2018-09-29 07:34:32.836418212,61
1492,2018-09-29 11:56:45.502751376,369
1493,2018-09-29 16:18:58.169084544,121
1494,2018-09-29 20:41:10.835417708,207
1495,2018-09-30 01:03:23.501750876,34
1496,2018-09-30 05:25:36.168084044,70
1497,2018-09-30 09:47:48.834417208,17
1498,2018-09-30 14:10:01.500750376,496
1499,2018-09-30 18:32:14.167083544,497
1500,2018-09-30 22:54:26.833416708,20
1501,2018-10-01 03:16:39.499749876,457
1502,2018-10-01 07:38:52.166083044,315
1503,2018-10-01 12:01:04.832416208,69
1504,2018-10-01 16:23:17.498749376,215
1505,2018-10-01 20:45:30.165082544,161
1506,2018-10-02 01:07:42.831415708,102
1507,2018-10-02 05:29:55.497748876,376
1508,2018-10-02 09:52:08.164082044,206
1509,2018-10-02 14:14:20.830415208,145
1510,2018-10-02 18:36:33.496748376,57
1511,2018-10-02 22:58:46.163081540,83
1512,2018-10-03 03:20:58.829414708,481
1513,2018-10-03 07:43:11.495747876,385
1514,2018-10-03 12:05:24.162081040,269
1515,2018-10-03 16:27:36.828414208,494
1516,2018-10-03 20:49:49.494747376,411
1517,2018-10-04 01:12:02.161080540,454
1518,2018-10-04 05:34:14.827413708,187
1519,2018-10-04 09:56:27.493746876,6
1520,2018-10-04 14:18:40.160080040,353
1521,2018-10-04 18:40:52.826413208,350
1522,2018-10-04 23:03:05.492746376,110
1523,2018-10-05 03:25:18.159079540,483
1524,2018-10-05 07:47:30.825412708,407
1525,2018-10-05 12:09:43.491745872,138
1526,2018-10-05 16:31:56.158079040,51
1527,2018-10-05 20:54:08.824412208,403
1528,2018-10-06 01:16:21.490745372,51
1529,2018-10-06 05:38:34.157078540,476
1530,2018-10-06 10:00:46.823411708,87
1531,2018-10-06 14:22:59.489744872,68
1532,2018-10-06 18:45:12.156078040,84
1533,2018-10-06 23:07:24.822411208,467
1534,2018-10-07 03:29:37.488744372,42
1535,2018-10-07 07:51:50.155077540,219
1536,2018-10-07 12:14:02.821410708,57
1537,2018-10-07 16:36:15.487743872,226
1538,2018-10-07 20:58:28.154077040,196
1539,2018-10-08 01:20:40.820410208,248
1540,2018-10-08 05:42:53.486743372,166
1541,2018-10-08 10:05:06.153076540,62
1542,2018-10-08 14:27:18.819409704,263
1543,2018-10-08 18:49:31.485742872,112
1544,2018-10-08 23:11:44.152076040,253
1545,2018-10-09 03:33:56.818409204,199
1546,2018-10-09 07:56:09.484742372,178
1547,2018-10-09 12:18:22.151075540,436
1548,2018-10-09 16:40:34.817408704,26
1549,2018-10-09 21:02:47.483741872,410
1550,2018-10-10 01:25:00.150075040,246
1551,2018-10-10 05:47:12.816408204,19
1552,2018-10-10 10:09:25.482741372,265
1553,2018-10-10 14:31:38.149074540,317
1554,2018-10-10 18:53:50.815407704,20
1555,2018-10-10 23:16:03.481740872,106
1556,2018-10-11 03:38:16.148074040,237
1557,2018-10-11 08:00:28.814407204,306
1558,2018-10-11 12:22:41.480740372,464
1559,2018-10-11 16:44:54.147073536,246
1560,2018-10-11 21:07:06.813406704,81
1561,2018-10-12 01:29:19.479739872,150
1562,2018-10-12 05:51:32.146073036,397
1563,2018-10-12 10:13:44.812406204,396
1564,2018-10-12 14:35:57.478739372,10
1565,2018-10-12 18:58:10.145072536,321
1566,2018-10-12 23:20:22.811405704,224
1567,2018-10-13 03:42:35.477738872,414
1568,2018-10-13 08:04:48.144072036,264
1569,2018-10-13 12:27:00.810405204,149
1570,2018-10-13 16:49:13.476738372,278
1571,2018-10-13 21:11:26.143071536,274
1572,2018-10-14 01:33:38.809404704,194
1573,2018-10-14 05:55:51.475737872,432
1574,2018-10-14 10:18:04.142071036,172
1575,2018-10-14 14:40:16.808404204,265
1576,2018-10-14 19:02:29.474737368,451
1577,2018-10-14 23:24:42.141070536,310
1578,2018-10-15 03:46:54.807403704,26
1579,2018-10-15 08:09:07.473736868,469
1580,2018-10-15 12:31:20.140070036,350
1581,2018-10-15 16:53:32.806403204,476
1582,2018-10-15 21:15:45.472736368,356
1583,2018-10-16 01:37:58.139069536,26
1584,2018-10-16 06:00:10.805402704,34
1585,2018-10-16 10:22:23.471735868,264
1586,2018-10-16 14:44:36.138069036,138
1587,2018-10-16 19:06:48.804402204,304
1588,2018-10-16 23:29:01.470735368,183
1589,2018-10-17 03:51:14.137068536,363
1590,2018-10-17 08:13:26.803401700,242
1591,2018-10-17 12:35:39.469734868,54
1592,2018-10-17 16:57:52.136068036,462
1593,2018-10-17 21:20:04.802401200,168
1594,2018-10-18 01:42:17.468734368,119
1595,2018-10-18 06:04:30.135067536,143
1596,2018-10-18 10:26:42.801400700,81
1597,2018-10-18 14:48:55.467733868,245
1598,2018-10-18 19:11:08.134067036,402
1599,2018-10-18 23:33:20.800400200,352
1600,2018-10-19 03:55:33.466733368,358
1601,2018-10-19 08:17:46.133066536,407
1602,2018-10-19 12:39:58.799399700,62
1603,2018-10-19 17:02:11.465732868,46
1604,2018-10-19 21:24:24.132066036,87
1605,2018-10-20 01:46:36.798399200,99
1606,2018-10-20 06:08:49.464732368,295
1607,2018-10-20 10:31:02.131065532,399
1608,2018-10-20 14:53:14.797398700,53
1609,2018-10-20 19:15:27.463731868,472
1610,2018-10-20 23:37:40.130065032,192
1611,2018-10-21 03:59:52.796398200,447
1612,2018-10-21 08:22:05.462731368,476
1613,2018-10-21 12:44:18.129064532,80
1614,2018-10-21 17:06:30.795397700,16
1615,2018-10-21 21:28:43.461730868,360
1616,2018-10-22 01:50:56.128064032,487
1617,2018-10-22 06:13:08.794397200,326
1618,2018-10-22 10:35:21.460730368,194
1619,2018-10-22 14:57:34.127063532,141
1620,2018-10-22 19:19:46.793396700,108
1621,2018-10-22 23:41:59.459729868,303
1622,2018-10-23 04:04:12.126063032,265
1623,2018-10-23 08:26:24.792396200,447
1624,2018-10-23 12:48:37.458729364,290
1625,2018-10-23 17:10:50.125062532,209
1626,2018-10-23 21:33:02.791395700,475
1627,2018-10-24 01:55:15.457728864,413
1628,2018-10-24 06:17:28.124062032,165
1629,2018-10-24 10:39:40.790395200,427
1630,2018-10-24 15:01:53.456728364,342
1631,2018-10-24 19:24:06.123061532,371
1632,2018-10-24 23:46:18.789394700,320
1633,2018-10-25 04:08:31.455727864,152
1634,2018-10-25 08:30:44.122061032,455
1635,2018-10-25 12:52:56.788394200,290
1636,2018-10-25 17:15:09.454727364,432
1637,2018-10-25 21:37:22.121060532,268
1638,2018-10-26 01:59:34.787393696,151
1639,2018-10-26 06:21:47.453726864,207
1640,2018-10-26 10:44:00.120060032,255
1641,2018-10-26 15:06:12.786393196,353
1642,2018-10-26 19:28:25.452726364,377
1643,2018-10-26 23:50:38.119059532,141
1644,2018-10-27 04:12:50.785392696,343
1645,2018-10-27 08:35:03.451725864,358
1646,2018-10-27 12:57:16.118059032,96
1647,2018-10-27 17:19:28.784392196,429
1648,2018-10-27 21:41:41.450725364,370
1649,2018-10-28 02:03:54.117058532,227
1650,2018-10-28 06:26:06.783391696,193
1651,2018-10-28 10:48:19.449724864,303
1652,2018-10-28 15:10:32.116058032,314
1653,2018-10-28 19:32:44.782391196,493
1654,2018-10-28 23:54:57.448724364,389
1655,2018-10-29 04:17:10.115057528,377
1656,2018-10-29 08:39:22.781390696,461
1657,2018-10-29 13:01:35.447723864,118
1658,2018-10-29 17:23:48.114057028,5
1659,2018-10-29 21:46:00.780390196,444
1660,2018-10-30 02:08:13.446723364,352
1661,2018-10-30 06:30:26.113056528,243
1662,2018-10-30 10:52:38.779389696,21
1663,2018-10-30 15:14:51.445722864,152
1664,2018-10-30 19:37:04.112056028,128
1665,2018-10-30 23:59:16.778389196,124
1666,2018-10-31 04:21:29.444722364,146
1667,2018-10-31 08:43:42.111055528,277
1668,2018-10-31 13:05:54.777388696,310
1669,2018-10-31 17:28:07.443721864,394
1670,2018-10-31 21:50:20.110055028,152
1671,2018-11-01 02:12:32.776388196,360
1672,2018-11-01 06:34:45.442721360,111
1673,2018-11-01 10:56:58.109054528,469
1674,2018-11-01 15:19:10.775387696,473
1675,2018-11-01 19:41:23.441720860,116
1676,2018-11-02 00:03:36.108054028,188
1677,2018-11-02 04:25:48.774387196,57
1678,2018-11-02 08:48:01.440720360,251
1679,2018-11-02 13:10:14.107053528,384
1680,2018-11-02 17:32:26.773386696,407
1681,2018-11-02 21:54:39.439719860,150
1682,2018-11-03 02:16:52.106053028,452
1683,2018-11-03 06:39:04.772386196,162
1684,2018-11-03 11:01:17.438719360,120
1685,2018-11-03 15:23:30.105052528,70
1686,2018-11-03 19:45:42.771385696,412
1687,2018-11-04 00:07:55.437718860,351
1688,2018-11-04 04:30:08.104052028,99
1689,2018-11-04 08:52:20.770385192,167
1690,2018-11-04 13:14:33.436718360,298
1691,2018-11-04 17:36:46.103051528,151
1692,2018-11-04 21:58:58.769384692,326
1693,2018-11-05 02:21:11.435717860,464
1694,2018-11-05 06:43:24.102051028,2
1695,2018-11-05 11:05:36.768384192,152
1696,2018-11-05 15:27:49.434717360,401
1697,2018-11-05 19:50:02.101050528,365
1698,2018-11-06 00:12:14.767383692,65
1699,2018-11-06 04:34:27.433716860,326
1700,2018-11-06 08:56:40.100050028,69
1701,2018-11-06 13:18:52.766383192,121
1702,2018-11-06 17:41:05.432716360,109
1703,2018-11-06 22:03:18.099049524,316
1704,2018-11-07 02:25:30.765382692,247
1705,2018-11-07 06:47:43.431715860,434
1706,2018-11-07 11:09:56.098049024,93
1707,2018-11-07 15:32:08.764382192,268
1708,2018-11-07 19:54:21.430715360,103
1709,2018-11-08 00:16:34.097048524,431
1710,2018-11-08 04:38:46.763381692,451
1711,2018-11-08 09:00:59.429714860,112
1712,2018-11-08 13:23:12.096048024,321
1713,2018-11-08 17:45:24.762381192,411
1714,2018-11-08 22:07:37.428714360,304
1715,2018-11-09 02:29:50.095047524,344
1716,2018-11-09 06:52:02.761380692,62
1717,2018-11-09 11:14:15.427713860,300
1718,2018-11-09 15:36:28.094047024,403
1719,2018-11-09 19:58:40.760380192,443
1720,2018-11-10 00:20:53.426713356,136
1721,2018-11-10 04:43:06.093046524,55
1722,2018-11-10 09:05:18.759379692,108
1723,2018-11-10 13:27:31.425712856,303
1724,2018-11-10 17:49:44.092046024,258
1725,2018-11-10 22:11:56.758379192,253
1726,2018-11-11 02:34:09.424712356,222
1727,2018-11-11 06:56:22.091045524,478
1728,2018-11-11 11:18:34.757378692,369
1729,2018-11-11 15:40:47.423711856,167
1730,2018-11-11 20:03:00.090045024,429
1731,2018-11-12 00:25:12.756378192,160
1732,2018-11-12 04:47:25.422711356,449
1733,2018-11-12 09:09:38.089044524,166
1734,2018-11-12 13:31:50.755377692,205
1735,2018-11-12 17:54:03.421710856,267
1736,2018-11-12 22:16:16.088044024,138
1737,2018-11-13 02:38:28.754377188,368
1738,2018-11-13 07:00:41.420710356,443
1739,2018-11-13 11:22:54.087043524,346
1740,2018-11-13 15:45:06.753376688,248
1741,2018-11-13 20:07:19.419709856,55
1742,2018-11-14 00:29:32.086043024,404
1743,2018-11-14 04:51:44.752376188,209
1744,2018-11-14 09:13:57.418709356,17
1745,2018-11-14 13:36:10.085042524,68
1746,2018-11-14 17:58:22.751375688,133
1747,2018-11-14 22:20:35.417708856,188
1748,2018-11-15 02:42:48.084042024,407
1749,2018-11-15 07:05:00.750375188,430
1750,2018-11-15 11:27:13.416708356,308
1751,2018-11-15 15:49:26.083041520,138
1752,2018-11-15 20:11:38.749374688,174
1753,2018-11-16 00:33:51.415707856,412
1754,2018-11-16 04:56:04.082041020,97
1755,2018-11-16 09:18:16.748374188,171
1756,2018-11-16 13:40:29.414707356,154
1757,2018-11-16 18:02:42.081040520,183
1758,2018-11-16 22:24:54.747373688,242
1759,2018-11-17 02:47:07.413706856,304
1760,2018-11-17 07:09:20.080040020,285
1761,2018-11-17 11:31:32.746373188,27
1762,2018-11-17 15:53:45.412706356,402
1763,2018-11-17 20:15:58.079039520,360
1764,2018-11-18 00:38:10.745372688,60
1765,2018-11-18 05:00:23.411705856,202
1766,2018-11-18 09:22:36.078039020,250
1767,2018-11-18 13:44:48.744372188,362
1768,2018-11-18 18:07:01.410705352,69
1769,2018-11-18 22:29:14.077038520,458
1770,2018-11-19 02:51:26.743371688,370
1771,2018-11-19 07:13:39.409704852,21
1772,2018-11-19 11:35:52.076038020,152
1773,2018-11-19 15:58:04.742371188,102
1774,2018-11-19 20:20:17.408704352,387
1775,2018-11-20 00:42:30.075037520,488
1776,2018-11-20 05:04:42.741370688,95
1777,2018-11-20 09:26:55.407703852,446
1778,2018-11-20 13:49:08.074037020,361
1779,2018-11-20 18:11:20.740370188,229
1780,2018-11-20 22:33:33.406703352,125
1781,2018-11-21 02:55:46.073036520,258
1782,2018-11-21 07:17:58.739369688,322
1783,2018-11-21 11:40:11.405702852,487
1784,2018-11-21 16:02:24.072036020,369
1785,2018-11-21 20:24:36.738369184,426
1786,2018-11-22 00:46:49.404702352,236
1787,2018-11-22 05:09:02.071035520,162
1788,2018-11-22 09:31:14.737368684,42
1789,2018-11-22 13:53:27.403701852,276
1790,2018-11-22 18:15:40.070035020,353
1791,2018-11-22 22:37:52.736368184,68
1792,2018-11-23 03:00:05.402701352,173
1793,2018-11-23 07:22:18.069034520,492
1794,2018-11-23 11:44:30.735367684,331
1795,2018-11-23 16:06:43.401700852,125
1796,2018-11-23 20:28:56.068034020,170
1797,2018-11-24 00:51:08.734367184,47
1798,2018-11-24 05:13:21.400700352,261
1799,2018-11-24 09:35:34.067033520,217
1800,2018-11-24 13:57:46.733366684,305
1801,2018-11-24 18:19:59.399699852,124
1802,2018-11-24 22:42:12.066033016,293
1803,2018-11-25 03:04:24.732366184,162
1804,2018-11-25 07:26:37.398699352,201
1805,2018-11-25 11:48:50.065032516,454
1806,2018-11-25 16:11:02.731365684,402
1807,2018-11-25 20:33:15.397698852,462
1808,2018-11-26 00:55:28.064032016,275
1809,2018-11-26 05:17:40.730365184,206
1810,2018-11-26 09:39:53.396698352,40
1811,2018-11-26 14:02:06.063031516,273
1812,2018-11-26 18:24:18.729364684,188
1813,2018-11-26 22:46:31.395697852,355
1814,2018-11-27 03:08:44.062031016,93
1815,2018-11-27 07:30:56.728364184,42
1816,2018-11-27 11:53:09.394697348,465
1817,2018-11-27 16:15:22.061030516,379
1818,2018-11-27 20:37:34.727363684,107
1819,2018-11-28 00:59:47.393696848,328
1820,2018-11-28 05:22:00.060030016,65
1821,2018-11-28 09:44:12.726363184,365
1822,2018-11-28 14:06:25.392696348,309
1823,2018-11-28 18:28:38.059029516,484
1824,2018-11-28 22:50:50.725362684,135
1825,2018-11-29 03:13:03.391695848,494
1826,2018-11-29 07:35:16.058029016,389
1827,2018-11-29 11:57:28.724362184,24
1828,2018-11-29 16:19:41.390695348,28
1829,2018-11-29 20:41:54.057028516,62
1830,2018-11-30 01:04:06.723361684,491
1831,2018-11-30 05:26:19.389694848,273
1832,2018-11-30 09:48:32.056028016,229
1833,2018-11-30 14:10:44.722361180,20
1834,2018-11-30 18:32:57.388694348,3
1835,2018-11-30 22:55:10.055027516,421
1836,2018-12-01 03:17:22.721360680,218
1837,2018-12-01 07:39:35.387693848,399
1838,2018-12-01 12:01:48.054027016,307
1839,2018-12-01 16:24:00.720360180,432
1840,2018-12-01 20:46:13.386693348,136
1841,2018-12-02 01:08:26.053026516,397
1842,2018-12-02 05:30:38.719359680,432
1843,2018-12-02 09:52:51.385692848,3
1844,2018-12-02 14:15:04.052026016,193
1845,2018-12-02 18:37:16.718359180,73
1846,2018-12-02 22:59:29.384692348,415
1847,2018-12-03 03:21:42.051025516,361
1848,2018-12-03 07:43:54.717358680,118
1849,2018-12-03 12:06:07.383691848,154
1850,2018-12-03 16:28:20.050025012,209
1851,2018-12-03 20:50:32.716358180,440
1852,2018-12-04 01:12:45.382691348,34
1853,2018-12-04 05:34:58.049024512,137
1854,2018-12-04 09:57:10.715357680,318
1855,2018-12-04 14:19:23.381690848,120
1856,2018-12-04 18:41:36.048024012,115
1857,2018-12-04 23:03:48.714357180,13
1858,2018-12-05 03:26:01.380690348,69
1859,2018-12-05 07:48:14.047023512,425
1860,2018-12-05 12:10:26.713356680,333
1861,2018-12-05 16:32:39.379689848,257
1862,2018-12-05 20:54:52.046023012,89
1863,2018-12-06 01:17:04.712356180,47
1864,2018-12-06 05:39:17.378689344,260
1865,2018-12-06 10:01:30.045022512,228
1866,2018-12-06 14:23:42.711355680,447
1867,2018-12-06 18:45:55.377688844,180
1868,2018-12-06 23:08:08.044022012,10
1869,2018-12-07 03:30:20.710355180,284
1870,2018-12-07 07:52:33.376688344,377
1871,2018-12-07 12:14:46.043021512,126
1872,2018-12-07 16:36:58.709354680,134
1873,2018-12-07 20:59:11.375687844,155
1874,2018-12-08 01:21:24.042021012,248
1875,2018-12-08 05:43:36.708354180,140
1876,2018-12-08 10:05:49.374687344,318
1877,2018-12-08 14:28:02.041020512,436
1878,2018-12-08 18:50:14.707353680,176
1879,2018-12-08 23:12:27.373686844,323
1880,2018-12-09 03:34:40.040020012,174
1881,2018-12-09 07:56:52.706353176,481
1882,2018-12-09 12:19:05.372686344,74
1883,2018-12-09 16:41:18.039019512,351
1884,2018-12-09 21:03:30.705352676,143
1885,2018-12-10 01:25:43.371685844,455
1886,2018-12-10 05:47:56.038019012,292
1887,2018-12-10 10:10:08.704352176,398
1888,2018-12-10 14:32:21.370685344,112
1889,2018-12-10 18:54:34.037018512,206
1890,2018-12-10 23:16:46.703351676,131
1891,2018-12-11 03:38:59.369684844,369
1892,2018-12-11 08:01:12.036018012,110
1893,2018-12-11 12:23:24.702351176,370
1894,2018-12-11 16:45:37.368684344,67
1895,2018-12-11 21:07:50.035017512,382
1896,2018-12-12 01:30:02.701350676,86
1897,2018-12-12 05:52:15.367683844,275
1898,2018-12-12 10:14:28.034017008,227
1899,2018-12-12 14:36:40.700350176,460
1900,2018-12-12 18:58:53.366683344,438
1901,2018-12-12 23:21:06.033016508,325
1902,2018-12-13 03:43:18.699349676,10
1903,2018-12-13 08:05:31.365682844,489
1904,2018-12-13 12:27:44.032016008,417
1905,2018-12-13 16:49:56.698349176,397
1906,2018-12-13 21:12:09.364682344,384
1907,2018-12-14 01:34:22.031015508,355
1908,2018-12-14 05:56:34.697348676,435
1909,2018-12-14 10:18:47.363681844,288
1910,2018-12-14 14:41:00.030015008,459
1911,2018-12-14 19:03:12.696348176,112
1912,2018-12-14 23:25:25.362681340,486
1913,2018-12-15 03:47:38.029014508,24
1914,2018-12-15 08:09:50.695347676,291
1915,2018-12-15 12:32:03.361680840,339
1916,2018-12-15 16:54:16.028014008,326
1917,2018-12-15 21:16:28.694347176,168
1918,2018-12-16 01:38:41.360680340,438
1919,2018-12-16 06:00:54.027013508,109
1920,2018-12-16 10:23:06.693346676,428
1921,2018-12-16 14:45:19.359679840,190
1922,2018-12-16 19:07:32.026013008,490
1923,2018-12-16 23:29:44.692346176,355
1924,2018-12-17 03:51:57.358679340,196
1925,2018-12-17 08:14:10.025012508,33
1926,2018-12-17 12:36:22.691345676,205
1927,2018-12-17 16:58:35.357678840,312
1928,2018-12-17 21:20:48.024012008,420
1929,2018-12-18 01:43:00.690345172,182
1930,2018-12-18 06:05:13.356678340,491
1931,2018-12-18 10:27:26.023011508,147
1932,2018-12-18 14:49:38.689344672,427
1933,2018-12-18 19:11:51.355677840,268
1934,2018-12-18 23:34:04.022011008,11
1935,2018-12-19 03:56:16.688344172,70
1936,2018-12-19 08:18:29.354677340,256
1937,2018-12-19 12:40:42.021010508,396
1938,2018-12-19 17:02:54.687343672,219
1939,2018-12-19 21:25:07.353676840,297
1940,2018-12-20 01:47:20.020010008,409
1941,2018-12-20 06:09:32.686343172,362
1942,2018-12-20 10:31:45.352676340,259
1943,2018-12-20 14:53:58.019009508,3
1944,2018-12-20 19:16:10.685342672,84
1945,2018-12-20 23:38:23.351675840,156
1946,2018-12-21 04:00:36.018009004,151
1947,2018-12-21 08:22:48.684342172,176
1948,2018-12-21 12:45:01.350675340,195
1949,2018-12-21 17:07:14.017008504,426
1950,2018-12-21 21:29:26.683341672,472
1951,2018-12-22 01:51:39.349674840,107
1952,2018-12-22 06:13:52.016008004,424
1953,2018-12-22 10:36:04.682341172,134
1954,2018-12-22 14:58:17.348674340,276
1955,2018-12-22 19:20:30.015007504,395
1956,2018-12-22 23:42:42.681340672,352
1957,2018-12-23 04:04:55.347673840,380
1958,2018-12-23 08:27:08.014007004,155
1959,2018-12-23 12:49:20.680340172,277
1960,2018-12-23 17:11:33.346673340,236
1961,2018-12-23 21:33:46.013006504,240
1962,2018-12-24 01:55:58.679339672,370
1963,2018-12-24 06:18:11.345672836,13
1964,2018-12-24 10:40:24.012006004,342
1965,2018-12-24 15:02:36.678339172,35
1966,2018-12-24 19:24:49.344672336,47
1967,2018-12-24 23:47:02.011005504,214
1968,2018-12-25 04:09:14.677338672,412
1969,2018-12-25 08:31:27.343671836,405
1970,2018-12-25 12:53:40.010005004,494
1971,2018-12-25 17:15:52.676338172,146
1972,2018-12-25 21:38:05.342671336,159
1973,2018-12-26 02:00:18.009004504,444
1974,2018-12-26 06:22:30.675337672,125
1975,2018-12-26 10:44:43.341670836,110
1976,2018-12-26 15:06:56.008004004,37
1977,2018-12-26 19:29:08.674337168,277
1978,2018-12-26 23:51:21.340670336,14
1979,2018-12-27 04:13:34.007003504,473
1980,2018-12-27 08:35:46.673336668,347
1981,2018-12-27 12:57:59.339669836,232
1982,2018-12-27 17:20:12.006003004,316
1983,2018-12-27 21:42:24.672336168,124
1984,2018-12-28 02:04:37.338669336,279
1985,2018-12-28 06:26:50.005002504,479
1986,2018-12-28 10:49:02.671335668,111
1987,2018-12-28 15:11:15.337668836,124
1988,2018-12-28 19:33:28.004002004,413
1989,2018-12-28 23:55:40.670335168,431
1990,2018-12-29 04:17:53.336668336,30
1991,2018-12-29 08:40:06.003001504,115
1992,2018-12-29 13:02:18.669334668,90
1993,2018-12-29 17:24:31.335667836,212
1994,2018-12-29 21:46:44.002001000,38
1995,2018-12-30 02:08:56.668334168,83
1996,2018-12-30 06:31:09.334667336,27
1997,2018-12-30 10:53:22.001000500,217
1998,2018-12-30 15:15:34.667333668,360
1999,2018-12-30 19:37:47.333666836,486
2000,2018-12-31 00:00:00.000000000,372
