Hypothesis,Reach,Impact,Confidence,Effort
Agregar descripciones de productos cortas a cada pantalla de producto,1,6,5,9
Mostrar definitivamente los detalles del producto,6,7,4,7
Añadir recomendaciones de productos similares,10,10,4,8
Implementar búsqueda por voz,6,7,8,10
Reducir el tiempo de carga de la página,9,5,10,5
Añadir un programa de fidelidad,7,6,7,9
Ofrecer descuentos personalizados,9,1,1,9
Añadir reseñas de clientes verificadas,4,3,9,6
Mejorar la navegación en dispositivos móviles,8,1,9,5
