transactionId,visitorId,date,revenue,group
1,1673035,2021-01-01,229.57,A
2,1365447,2021-01-01,236.55,A
3,1542849,2021-01-01,257.98,A
4,1457215,2021-01-01,344.8,A
5,1057094,2021-01-01,806.54,A
6,1057416,2021-01-01,1265.34,A
7,1467243,2021-01-01,923.8,A
8,1584736,2021-01-01,379.92,A
9,1880035,2021-01-01,364.28,A
10,1561754,2021-01-01,168.34,A
11,1508131,2021-01-01,946.06,A
12,1576688,2021-01-01,1100.9,A
13,1841402,2021-01-01,275.17,A
14,1318961,2021-01-01,224.33,A
15,1916375,2021-01-01,338.95,A
16,1473094,2021-01-01,533.5,A
17,1436059,2021-01-01,141.95,A
18,1318663,2021-01-01,418.16,A
19,1486768,2021-01-01,547.36,A
20,1375022,2021-01-01,355.49,A
21,1151439,2021-01-01,237.9,A
22,1729303,2021-01-01,445.56,A
23,1351779,2021-01-01,1037.03,A
24,1281506,2021-01-01,445.7,A
25,1912531,2021-01-01,480.32,A
26,1454517,2021-01-01,473.02,A
27,1041420,2021-01-01,115.65,A
28,1139785,2021-01-01,114.4,A
29,1461322,2021-01-01,1417.24,A
30,1329546,2021-01-01,353.28,A
31,1408063,2021-01-01,361.14,A
32,1889738,2021-01-01,374.96,A
33,1898183,2021-01-01,1239.92,A
34,1891874,2021-01-01,555.68,A
35,1331233,2021-01-01,388.6,A
36,1278857,2021-01-01,900.46,B
37,1690707,2021-01-01,96.63,B
38,1148212,2021-01-01,246.71,B
39,1130924,2021-01-01,959.78,B
40,1522158,2021-01-01,264.97,B
41,1704890,2021-01-01,416.4,B
42,1224978,2021-01-01,314.51,B
43,1380117,2021-01-01,1580.54,B
44,1848780,2021-01-01,606.14,B
45,1693457,2021-01-01,447.19,B
46,1701197,2021-01-01,1239.09,B
47,1196098,2021-01-01,176.66,B
48,1824454,2021-01-01,298.28,B
49,1861288,2021-01-01,370.71,B
50,1579599,2021-01-01,110.03,B
51,1358295,2021-01-01,441.77,B
52,1049207,2021-01-01,717.94,B
53,1931462,2021-01-01,241.09,B
54,1559724,2021-01-01,986.51,B
55,1288691,2021-01-01,362.8,B
56,1651659,2021-01-01,622.07,B
57,1988856,2021-01-01,153.94,B
58,1828329,2021-01-01,474.43,B
59,1605120,2021-01-01,945.36,B
60,1232706,2021-01-01,370.72,B
61,1138576,2021-01-01,157.66,B
62,1099736,2021-01-01,1039.96,B
63,1978549,2021-01-01,339.92,B
64,1756981,2021-01-01,1250.53,B
65,1705918,2021-01-01,942.27,B
66,1260248,2021-01-01,211.69,B
67,1627655,2021-01-01,231.85,B
68,1932118,2021-01-01,219.81,B
69,1296232,2021-01-01,435.66,B
70,1834858,2021-01-01,305.24,B
71,1166182,2021-01-02,151.73,A
72,1086533,2021-01-02,948.24,A
73,1651562,2021-01-02,168.87,A
74,1104824,2021-01-02,281.17,A
75,1118637,2021-01-02,992.67,A
76,1196837,2021-01-02,954.43,A
77,1615999,2021-01-02,237.15,A
78,1430784,2021-01-02,570.81,A
79,1959114,2021-01-02,328.17,A
80,1384746,2021-01-02,521.38,A
81,1390438,2021-01-02,146.94,A
82,1656727,2021-01-02,592.63,A
83,1998710,2021-01-02,350.3,A
84,1411675,2021-01-02,86.93,A
85,1842646,2021-01-02,710.77,A
86,1554730,2021-01-02,892.7,A
87,1016313,2021-01-02,107.87,A
88,1110393,2021-01-02,446.06,A
89,1949909,2021-01-02,376.66,A
90,1000294,2021-01-02,277.75,A
91,1886422,2021-01-02,402.87,A
92,1761066,2021-01-02,205.97,A
93,1813933,2021-01-02,593.54,A
94,1202025,2021-01-02,469.81,A
95,1060950,2021-01-02,618.98,A
96,1857749,2021-01-02,311.24,A
97,1852084,2021-01-02,147.37,A
98,1384414,2021-01-02,1628.15,A
99,1315626,2021-01-02,161.63,B
100,1122527,2021-01-02,517.16,B
101,1220098,2021-01-02,905.73,B
102,1154224,2021-01-02,228.18,B
103,1477128,2021-01-02,316.77,B
104,1619552,2021-01-02,77.92,B
105,1849290,2021-01-02,180.31,B
106,1922352,2021-01-02,621.05,B
107,1772479,2021-01-02,649.36,B
108,1006325,2021-01-02,573.25,B
109,1951932,2021-01-02,133.23,B
110,1900238,2021-01-02,639.59,B
111,1814552,2021-01-02,649.79,B
112,1410292,2021-01-02,561.19,B
113,1199621,2021-01-02,682.43,B
114,1502569,2021-01-02,609.02,B
115,1708435,2021-01-02,994.54,B
116,1092540,2021-01-02,220.76,B
117,1728145,2021-01-02,277.91,B
118,1013665,2021-01-02,212.5,B
119,1081536,2021-01-02,620.88,B
120,1555806,2021-01-02,281.4,B
121,1573276,2021-01-02,314.44,B
122,1336059,2021-01-02,108.22,B
123,1219845,2021-01-02,111.72,B
124,1748129,2021-01-02,722.77,B
125,1440208,2021-01-02,920.04,B
126,1106822,2021-01-02,694.69,B
127,1198935,2021-01-02,944.46,B
128,1676765,2021-01-02,176.78,B
129,1899273,2021-01-03,390.62,A
130,1775091,2021-01-03,413.55,A
131,1371117,2021-01-03,302.64,A
132,1977442,2021-01-03,699.37,A
133,1278993,2021-01-03,540.92,A
134,1889698,2021-01-03,151.38,A
135,1649535,2021-01-03,947.01,A
136,1122353,2021-01-03,142.27,A
137,1846814,2021-01-03,402.18,A
138,1375518,2021-01-03,668.54,A
139,1723540,2021-01-03,391.67,A
140,1429929,2021-01-03,309.18,A
141,1292000,2021-01-03,1475.55,A
142,1254360,2021-01-03,256.41,A
143,1059725,2021-01-03,496.2,A
144,1092212,2021-01-03,873.44,A
145,1223350,2021-01-03,523.2,A
146,1321291,2021-01-03,1757.24,A
147,1133073,2021-01-03,381.49,A
148,1843644,2021-01-03,458.89,A
149,1337215,2021-01-03,480.57,A
150,1154996,2021-01-03,17.27,A
151,1729122,2021-01-03,594.13,A
152,1326089,2021-01-03,103.64,A
153,1282117,2021-01-03,568.82,A
154,1776098,2021-01-03,411.73,A
155,1399008,2021-01-03,277.63,A
156,1669091,2021-01-03,569.86,A
157,1050282,2021-01-03,1122.91,B
158,1945513,2021-01-03,347.77,B
159,1006891,2021-01-03,245.7,B
160,1764287,2021-01-03,750.93,B
161,1943959,2021-01-03,837.19,B
162,1419394,2021-01-03,487.26,B
163,1925946,2021-01-03,264.14,B
164,1637146,2021-01-03,758.39,B
165,1227044,2021-01-03,520.5,B
166,1691789,2021-01-03,663.41,B
167,1722265,2021-01-03,204.5,B
168,1211544,2021-01-03,344.62,B
169,1455978,2021-01-03,668.02,B
170,1534759,2021-01-03,150.47,B
171,1942236,2021-01-03,322.16,B
172,1092178,2021-01-03,183.76,B
173,1776012,2021-01-03,569.59,B
174,1852553,2021-01-03,265.36,B
175,1164872,2021-01-03,328.64,B
176,1095290,2021-01-03,353.97,B
177,1224583,2021-01-03,269.16,B
178,1145307,2021-01-03,1063.19,B
179,1039682,2021-01-03,297.4,B
180,1299099,2021-01-03,335.22,B
181,1936692,2021-01-03,1196.73,B
182,1035263,2021-01-03,1374.61,B
183,1640192,2021-01-04,235.63,A
184,1233145,2021-01-04,152.92,A
185,1042687,2021-01-04,463.97,A
186,1563791,2021-01-04,1284.54,A
187,1146650,2021-01-04,340.67,A
188,1908616,2021-01-04,348.19,A
189,1606584,2021-01-04,433.86,A
190,1132225,2021-01-04,166.33,A
191,1489351,2021-01-04,198.17,A
192,1395158,2021-01-04,369.99,A
193,1575324,2021-01-04,728.95,A
194,1692147,2021-01-04,548.1,A
195,1323216,2021-01-04,460.38,A
196,1964853,2021-01-04,326.48,A
197,1267761,2021-01-04,538.54,A
198,1169404,2021-01-04,337.68,A
199,1068891,2021-01-04,161.23,A
200,1660127,2021-01-04,1607.73,A
201,1770950,2021-01-04,514.65,A
202,1112844,2021-01-04,214.21,A
203,1252994,2021-01-04,419.51,A
204,1914051,2021-01-04,852.93,A
205,1658622,2021-01-04,869.09,A
206,1367564,2021-01-04,191.92,A
207,1757753,2021-01-04,568.55,A
208,1982879,2021-01-04,483.21,B
209,1672786,2021-01-04,734.49,B
210,1237284,2021-01-04,392.55,B
211,1909960,2021-01-04,525.51,B
212,1485027,2021-01-04,1158.76,B
213,1624034,2021-01-04,915.44,B
214,1433979,2021-01-04,267.15,B
215,1566714,2021-01-04,176.31,B
216,1257604,2021-01-04,451.08,B
217,1332546,2021-01-04,395.51,B
218,1874626,2021-01-04,1135.94,B
219,1419669,2021-01-04,122.25,B
220,1132945,2021-01-04,417.51,B
221,1697977,2021-01-04,485.84,B
222,1725598,2021-01-04,834.56,B
223,1202544,2021-01-04,359.73,B
224,1336295,2021-01-04,191.13,B
225,1996322,2021-01-04,271.62,B
226,1940442,2021-01-04,677.09,B
227,1902618,2021-01-04,1007.78,B
228,1724839,2021-01-04,208.98,B
229,1294763,2021-01-04,549.81,B
230,1981340,2021-01-04,458.42,B
231,1251920,2021-01-04,535.97,B
232,1839216,2021-01-04,1145.82,B
233,1582752,2021-01-04,1137.88,B
234,1903727,2021-01-05,61.37,A
235,1465112,2021-01-05,255.48,A
236,1311789,2021-01-05,2073.68,A
237,1464625,2021-01-05,311.53,A
238,1042277,2021-01-05,687.34,A
239,1076024,2021-01-05,439.0,A
240,1959266,2021-01-05,198.85,A
241,1958687,2021-01-05,549.87,A
242,1840723,2021-01-05,392.45,A
243,1303520,2021-01-05,1264.1,A
244,1085517,2021-01-05,376.84,A
245,1464639,2021-01-05,549.23,A
246,1288223,2021-01-05,341.56,A
247,1325261,2021-01-05,907.62,A
248,1185253,2021-01-05,282.36,A
249,1099076,2021-01-05,537.99,A
250,1111339,2021-01-05,991.8,A
251,1348061,2021-01-05,80.84,A
252,1024719,2021-01-05,826.66,A
253,1715440,2021-01-05,398.36,A
254,1250996,2021-01-05,1387.61,A
255,1143020,2021-01-05,1454.03,A
256,1383533,2021-01-05,288.97,A
257,1132278,2021-01-05,238.91,B
258,1025631,2021-01-05,325.8,B
259,1063424,2021-01-05,402.71,B
260,1552918,2021-01-05,155.01,B
261,1810860,2021-01-05,472.64,B
262,1058643,2021-01-05,495.36,B
263,1327843,2021-01-05,517.41,B
264,1875485,2021-01-05,281.83,B
265,1279504,2021-01-05,796.12,B
266,1230188,2021-01-05,627.16,B
267,1269054,2021-01-05,434.05,B
268,1671067,2021-01-05,662.72,B
269,1004730,2021-01-05,71.33,B
270,1381888,2021-01-05,1520.41,B
271,1874570,2021-01-05,214.15,B
272,1494798,2021-01-05,351.4,B
273,1282051,2021-01-05,130.43,B
274,1869624,2021-01-05,946.99,B
275,1654745,2021-01-05,284.36,B
276,1248357,2021-01-05,629.0,B
277,1206944,2021-01-05,838.98,B
278,1613907,2021-01-05,2475.93,B
279,1376852,2021-01-05,928.79,B
280,1432129,2021-01-05,102.87,B
281,1365762,2021-01-05,759.17,B
282,1494566,2021-01-05,253.04,B
283,1401694,2021-01-05,110.16,B
284,1449041,2021-01-05,741.26,B
285,1924003,2021-01-05,218.54,B
286,1775921,2021-01-05,582.49,B
287,1450993,2021-01-05,873.92,B
288,1773265,2021-01-05,86.87,B
289,1650336,2021-01-05,102.76,B
290,1585793,2021-01-05,1096.73,B
291,1650768,2021-01-05,256.18,B
292,1072629,2021-01-05,836.3,B
293,1866849,2021-01-05,449.19,B
294,1996464,2021-01-05,62.19,B
295,1072625,2021-01-05,448.78,B
296,1043304,2021-01-05,489.77,B
297,1830851,2021-01-05,1053.7,B
298,1963269,2021-01-05,239.14,B
299,1940302,2021-01-05,991.19,B
300,1984988,2021-01-05,460.79,B
301,1925967,2021-01-05,384.57,B
302,1206021,2021-01-05,163.88,B
303,1392729,2021-01-05,344.97,B
304,1357243,2021-01-05,220.41,B
305,1736953,2021-01-05,185.5,B
306,1814454,2021-01-05,393.17,B
307,1359552,2021-01-05,554.97,B
308,1480413,2021-01-05,326.96,B
309,1432095,2021-01-05,479.5,B
310,1552386,2021-01-05,156.39,B
311,1061171,2021-01-06,215.79,A
312,1564644,2021-01-06,203.05,A
313,1161852,2021-01-06,206.62,A
314,1702505,2021-01-06,1126.63,A
315,1246361,2021-01-06,110.55,A
316,1568571,2021-01-06,1043.8,A
317,1744382,2021-01-06,191.9,A
318,1656147,2021-01-06,307.16,A
319,1182054,2021-01-06,211.41,A
320,1772640,2021-01-06,94.71,A
321,1029154,2021-01-06,533.74,A
322,1773018,2021-01-06,524.1,A
323,1356935,2021-01-06,291.5,A
324,1953909,2021-01-06,299.82,A
325,1470291,2021-01-06,784.25,A
326,1504845,2021-01-06,600.55,A
327,1512552,2021-01-06,323.2,A
328,1481204,2021-01-06,1038.75,A
329,1560083,2021-01-06,826.76,A
330,1016976,2021-01-06,649.84,A
331,1974503,2021-01-06,786.55,A
332,1595233,2021-01-06,343.76,A
333,1955897,2021-01-06,639.28,A
334,1938940,2021-01-06,227.97,A
335,1003168,2021-01-06,417.98,A
336,1444576,2021-01-06,21.7,A
337,1005982,2021-01-06,645.16,B
338,1297060,2021-01-06,539.98,B
339,1558282,2021-01-06,67.29,B
340,1586189,2021-01-06,164.01,B
341,1216115,2021-01-06,127.07,B
342,1093967,2021-01-06,914.32,B
343,1997323,2021-01-06,470.86,B
344,1280264,2021-01-06,578.66,B
345,1677254,2021-01-06,699.1,B
346,1085537,2021-01-06,529.68,B
347,1863078,2021-01-06,347.83,B
348,1710142,2021-01-06,396.26,B
349,1480790,2021-01-06,159.94,B
350,1969201,2021-01-06,273.33,B
351,1989498,2021-01-06,833.77,B
352,1458970,2021-01-06,1080.51,B
353,1312510,2021-01-06,698.95,B
354,1299926,2021-01-06,525.51,B
355,1333184,2021-01-06,743.95,B
356,1102895,2021-01-06,455.35,B
357,1173031,2021-01-06,546.98,B
358,1960693,2021-01-06,638.7,B
359,1080575,2021-01-06,736.15,B
360,1175735,2021-01-06,240.6,B
361,1178500,2021-01-06,216.8,B
362,1216724,2021-01-06,313.08,B
363,1885489,2021-01-06,147.15,B
364,1507875,2021-01-06,94.88,B
365,1914027,2021-01-06,735.77,B
366,1693073,2021-01-06,263.37,B
367,1795557,2021-01-06,447.77,B
368,1968415,2021-01-06,687.54,B
369,1176023,2021-01-06,103.19,B
370,1145371,2021-01-06,446.03,B
371,1224672,2021-01-06,189.93,B
372,1076798,2021-01-06,863.34,B
373,1866048,2021-01-06,267.94,B
374,1261960,2021-01-06,152.34,B
375,1507699,2021-01-06,90.98,B
376,1093451,2021-01-06,349.56,B
377,1235703,2021-01-06,532.62,B
378,1091494,2021-01-07,312.55,A
379,1903212,2021-01-07,331.83,A
380,1244856,2021-01-07,520.85,A
381,1216478,2021-01-07,1360.91,A
382,1445930,2021-01-07,1653.74,A
383,1360550,2021-01-07,101.64,A
384,1963674,2021-01-07,668.52,A
385,1441837,2021-01-07,516.07,A
386,1326633,2021-01-07,406.37,A
387,1482429,2021-01-07,586.77,A
388,1683599,2021-01-07,52.53,A
389,1599116,2021-01-07,550.14,A
390,1157268,2021-01-07,350.6,A
391,1236086,2021-01-07,524.35,A
392,1213827,2021-01-07,673.37,A
393,1700057,2021-01-07,124.72,A
394,1529775,2021-01-07,667.37,A
395,1795513,2021-01-07,1152.09,A
396,1361334,2021-01-07,819.88,A
397,1221892,2021-01-07,182.68,A
398,1085237,2021-01-07,702.56,A
399,1914827,2021-01-07,739.12,A
400,1823132,2021-01-07,1092.42,A
401,1622915,2021-01-07,295.21,A
402,1664203,2021-01-07,119.78,A
403,1562960,2021-01-07,333.05,A
404,1300901,2021-01-07,654.87,A
405,1121412,2021-01-07,826.58,A
406,1311507,2021-01-07,287.03,A
407,1568070,2021-01-07,294.15,A
408,1971895,2021-01-07,121.96,A
409,1110543,2021-01-07,2049.61,A
410,1714654,2021-01-07,470.62,A
411,1673932,2021-01-07,414.82,B
412,1781981,2021-01-07,440.09,B
413,1386556,2021-01-07,609.84,B
414,1961578,2021-01-07,946.62,B
415,1470171,2021-01-07,368.36,B
416,1571803,2021-01-07,1099.04,B
417,1129876,2021-01-07,775.04,B
418,1797690,2021-01-07,443.24,B
419,1684083,2021-01-07,882.64,B
420,1945084,2021-01-07,262.81,B
421,1749140,2021-01-07,312.35,B
422,1284237,2021-01-07,10.15,B
423,1274540,2021-01-07,246.83,B
424,1026628,2021-01-07,200.02,B
425,1963270,2021-01-07,499.0,B
426,1555697,2021-01-07,683.48,B
427,1820054,2021-01-07,321.45,B
428,1329975,2021-01-07,996.18,B
429,1065604,2021-01-07,529.98,B
430,1540586,2021-01-07,255.23,B
431,1773943,2021-01-07,1119.11,B
432,1002020,2021-01-07,928.12,B
433,1113818,2021-01-07,979.23,B
434,1476438,2021-01-07,90.75,B
435,1481506,2021-01-07,896.61,B
436,1983433,2021-01-07,299.88,B
437,1611094,2021-01-07,1532.41,B
438,1142938,2021-01-07,939.43,B
439,1434906,2021-01-07,611.6,B
440,1568474,2021-01-07,327.57,B
441,1391540,2021-01-07,813.94,B
442,1654337,2021-01-07,457.46,B
443,1962042,2021-01-07,189.86,B
444,1143615,2021-01-07,452.97,B
445,1070024,2021-01-07,328.66,B
446,1827412,2021-01-07,637.39,B
447,1081552,2021-01-07,332.13,B
448,1681399,2021-01-07,1098.33,B
449,1541066,2021-01-07,395.96,B
450,1453078,2021-01-07,221.46,B
451,1828662,2021-01-07,427.1,B
452,1298889,2021-01-07,239.68,B
453,1737465,2021-01-08,309.49,A
454,1809182,2021-01-08,243.85,A
455,1814965,2021-01-08,1620.52,A
456,1731275,2021-01-08,193.69,A
457,1959226,2021-01-08,370.2,A
458,1243986,2021-01-08,309.55,A
459,1909014,2021-01-08,881.67,A
460,1598128,2021-01-08,187.93,A
461,1573187,2021-01-08,1102.25,A
462,1561309,2021-01-08,354.34,A
463,1214562,2021-01-08,169.75,A
464,1810551,2021-01-08,470.86,A
465,1721612,2021-01-08,791.11,A
466,1209142,2021-01-08,136.89,A
467,1470329,2021-01-08,1159.03,A
468,1726500,2021-01-08,76.32,A
469,1061187,2021-01-08,326.29,A
470,1949883,2021-01-08,887.71,A
471,1700458,2021-01-08,354.46,A
472,1839731,2021-01-08,659.23,A
473,1306554,2021-01-08,474.13,A
474,1300145,2021-01-08,133.88,A
475,1280685,2021-01-08,561.53,A
476,1510368,2021-01-08,1096.93,A
477,1918072,2021-01-08,86.38,A
478,1727500,2021-01-08,332.81,B
479,1035405,2021-01-08,145.12,B
480,1644517,2021-01-08,813.93,B
481,1336119,2021-01-08,160.25,B
482,1197412,2021-01-08,219.42,B
483,1043426,2021-01-08,821.62,B
484,1391429,2021-01-08,507.85,B
485,1107947,2021-01-08,258.21,B
486,1910873,2021-01-08,275.42,B
487,1553508,2021-01-08,208.97,B
488,1326444,2021-01-08,237.7,B
489,1840255,2021-01-08,206.67,B
490,1490279,2021-01-08,236.52,B
491,1016068,2021-01-08,936.33,B
492,1788143,2021-01-08,332.55,B
493,1492668,2021-01-08,133.79,B
494,1600094,2021-01-08,683.2,B
495,1749031,2021-01-08,1367.85,B
496,1588933,2021-01-08,454.92,B
497,1062742,2021-01-08,1317.61,B
498,1895906,2021-01-08,206.07,B
499,1914146,2021-01-08,1659.77,B
500,1880308,2021-01-08,147.88,B
501,1162546,2021-01-08,1245.13,B
502,1515448,2021-01-08,553.06,B
503,1656428,2021-01-08,649.34,B
504,1683048,2021-01-08,436.71,B
505,1255196,2021-01-08,575.63,B
506,1881245,2021-01-08,968.24,B
507,1493238,2021-01-08,931.31,B
508,1497367,2021-01-08,104.7,B
509,1470452,2021-01-08,103.11,B
510,1310638,2021-01-08,1073.92,B
511,1383696,2021-01-08,262.49,B
512,1718436,2021-01-08,636.72,B
513,1472115,2021-01-09,107.49,A
514,1022770,2021-01-09,595.59,A
515,1582267,2021-01-09,526.41,A
516,1420517,2021-01-09,897.57,A
517,1938677,2021-01-09,296.35,A
518,1191239,2021-01-09,277.11,A
519,1982772,2021-01-09,145.51,A
520,1792939,2021-01-09,226.25,A
521,1344273,2021-01-09,417.57,A
522,1012948,2021-01-09,328.9,A
523,1549477,2021-01-09,460.47,A
524,1317880,2021-01-09,246.7,A
525,1654427,2021-01-09,414.65,A
526,1974220,2021-01-09,1177.6,A
527,1437215,2021-01-09,503.66,A
528,1460782,2021-01-09,281.84,A
529,1784006,2021-01-09,969.28,A
530,1146191,2021-01-09,346.0,A
531,1276084,2021-01-09,580.4,A
532,1279155,2021-01-09,819.45,A
533,1955982,2021-01-09,262.61,A
534,1331865,2021-01-09,227.22,A
535,1366619,2021-01-09,327.78,A
536,1813368,2021-01-09,487.76,A
537,1575143,2021-01-09,729.09,A
538,1406086,2021-01-09,849.97,A
539,1880243,2021-01-09,839.98,A
540,1105334,2021-01-09,149.7,A
541,1781578,2021-01-09,118.42,A
542,1043221,2021-01-09,106.17,A
543,1239291,2021-01-09,643.66,A
544,1636787,2021-01-09,498.37,A
545,1024413,2021-01-09,568.31,A
546,1624583,2021-01-09,340.18,A
547,1198377,2021-01-09,481.8,A
548,1518126,2021-01-09,826.13,A
549,1246212,2021-01-09,330.13,A
550,1174391,2021-01-09,542.48,A
551,1606675,2021-01-09,168.32,B
552,1457928,2021-01-09,1112.44,B
553,1482665,2021-01-09,840.37,B
554,1058378,2021-01-09,937.65,B
555,1970404,2021-01-09,248.06,B
556,1507885,2021-01-09,656.96,B
557,1092646,2021-01-09,599.64,B
558,1084533,2021-01-09,903.74,B
559,1074808,2021-01-09,322.95,B
560,1614008,2021-01-09,700.68,B
561,1242275,2021-01-09,555.52,B
562,1212079,2021-01-09,69.93,B
563,1226114,2021-01-09,230.81,B
564,1831624,2021-01-09,332.34,B
565,1175772,2021-01-09,362.63,B
566,1810900,2021-01-09,476.12,B
567,1104874,2021-01-09,484.18,B
568,1391061,2021-01-09,285.44,B
569,1654166,2021-01-09,449.78,B
570,1211667,2021-01-09,188.18,B
571,1573546,2021-01-09,1208.16,B
572,1303316,2021-01-09,967.13,B
573,1097479,2021-01-09,231.46,B
574,1259965,2021-01-09,363.4,B
575,1707595,2021-01-09,447.78,B
576,1671758,2021-01-09,374.92,B
577,1093577,2021-01-09,171.47,B
578,1957334,2021-01-09,206.47,B
579,1051168,2021-01-09,740.11,B
580,1955908,2021-01-09,22.74,B
581,1906939,2021-01-09,438.8,B
582,1119983,2021-01-09,575.45,B
583,1102566,2021-01-09,604.99,B
584,1862319,2021-01-09,972.62,B
585,1486416,2021-01-09,240.68,B
586,1923869,2021-01-09,418.59,B
587,1649172,2021-01-09,231.41,B
588,1861290,2021-01-09,462.35,B
589,1632892,2021-01-09,303.17,B
590,1719923,2021-01-09,340.31,B
591,1129122,2021-01-09,1251.12,B
592,1183700,2021-01-09,420.71,B
593,1631613,2021-01-09,262.28,B
594,1990449,2021-01-09,207.14,B
595,1337896,2021-01-09,225.98,B
596,1160174,2021-01-09,607.07,B
597,1097372,2021-01-09,335.66,B
598,1486337,2021-01-09,412.48,B
599,1433209,2021-01-09,606.79,B
600,1142381,2021-01-09,784.1,B
601,1320423,2021-01-10,72.72,A
602,1522937,2021-01-10,739.88,A
603,1031548,2021-01-10,885.41,A
604,1250247,2021-01-10,255.53,A
605,1283134,2021-01-10,91.58,A
606,1373261,2021-01-10,422.26,A
607,1395659,2021-01-10,105.03,A
608,1745619,2021-01-10,616.71,A
609,1169180,2021-01-10,648.45,A
610,1077218,2021-01-10,687.13,A
611,1253106,2021-01-10,585.48,A
612,1145345,2021-01-10,579.98,A
613,1437683,2021-01-10,680.29,A
614,1234978,2021-01-10,362.75,A
615,1069703,2021-01-10,444.43,A
616,1279236,2021-01-10,486.54,A
617,1944277,2021-01-10,1729.18,A
618,1906844,2021-01-10,498.42,A
619,1976185,2021-01-10,218.69,A
620,1218136,2021-01-10,140.92,A
621,1763660,2021-01-10,927.95,A
622,1917326,2021-01-10,525.78,A
623,1730651,2021-01-10,850.45,A
624,1081027,2021-01-10,273.52,A
625,1252340,2021-01-10,977.55,A
626,1083575,2021-01-10,654.35,A
627,1582366,2021-01-10,105.71,A
628,1707050,2021-01-10,723.81,A
629,1328105,2021-01-10,209.72,A
630,1919316,2021-01-10,229.97,A
631,1118401,2021-01-10,478.38,A
632,1262828,2021-01-10,392.2,A
633,1389693,2021-01-10,288.21,A
634,1188217,2021-01-10,230.67,A
635,1904632,2021-01-10,47.83,A
636,1416811,2021-01-10,975.35,B
637,1480666,2021-01-10,251.97,B
638,1520683,2021-01-10,608.67,B
639,1364403,2021-01-10,154.87,B
640,1051784,2021-01-10,565.54,B
641,1111723,2021-01-10,928.14,B
642,1743170,2021-01-10,491.1,B
643,1382855,2021-01-10,154.02,B
644,1466958,2021-01-10,652.73,B
645,1658742,2021-01-10,63.51,B
646,1520256,2021-01-10,2156.95,B
647,1105424,2021-01-10,295.12,B
648,1355805,2021-01-10,317.52,B
649,1705936,2021-01-10,101.51,B
650,1784826,2021-01-10,56.76,B
651,1763857,2021-01-10,282.5,B
652,1514164,2021-01-10,2096.07,B
653,1368360,2021-01-10,222.7,B
654,1531552,2021-01-10,357.28,B
655,1682117,2021-01-10,570.88,B
656,1591464,2021-01-10,266.26,B
657,1094398,2021-01-10,143.03,B
658,1963346,2021-01-10,91.34,B
659,1027957,2021-01-10,294.98,B
660,1877522,2021-01-10,1293.85,B
661,1246273,2021-01-10,240.74,B
662,1809454,2021-01-10,564.7,B
663,1198842,2021-01-10,299.87,B
664,1952850,2021-01-10,437.74,B
665,1506592,2021-01-10,80.97,B
666,1872483,2021-01-10,714.29,B
667,1971199,2021-01-10,779.57,B
668,1242438,2021-01-10,932.19,B
669,1112428,2021-01-11,501.13,A
670,1438987,2021-01-11,486.46,A
671,1605857,2021-01-11,361.57,A
672,1645353,2021-01-11,964.21,A
673,1768472,2021-01-11,263.07,A
674,1060782,2021-01-11,232.07,A
675,1806293,2021-01-11,137.97,A
676,1856267,2021-01-11,95.72,A
677,1418272,2021-01-11,292.28,A
678,1442893,2021-01-11,66.17,A
679,1792720,2021-01-11,595.54,A
680,1332686,2021-01-11,308.86,A
681,1154905,2021-01-11,831.25,A
682,1282992,2021-01-11,412.12,A
683,1908277,2021-01-11,267.69,A
684,1528100,2021-01-11,753.43,A
685,1721982,2021-01-11,290.79,A
686,1524224,2021-01-11,499.2,A
687,1863741,2021-01-11,353.35,A
688,1239002,2021-01-11,154.55,A
689,1647429,2021-01-11,105.51,A
690,1019748,2021-01-11,67.89,A
691,1157081,2021-01-11,510.4,A
692,1678670,2021-01-11,2031.89,A
693,1099855,2021-01-11,377.78,A
694,1601325,2021-01-11,536.46,A
695,1167295,2021-01-11,662.54,A
696,1827970,2021-01-11,152.85,A
697,1503007,2021-01-11,654.63,B
698,1561461,2021-01-11,212.48,B
699,1563924,2021-01-11,837.22,B
700,1785961,2021-01-11,815.35,B
701,1971897,2021-01-11,1009.25,B
702,1127246,2021-01-11,427.95,B
703,1763693,2021-01-11,263.81,B
704,1226189,2021-01-11,821.22,B
705,1418457,2021-01-11,556.44,B
706,1016868,2021-01-11,360.03,B
707,1991048,2021-01-11,376.9,B
708,1073579,2021-01-11,763.29,B
709,1417126,2021-01-11,287.12,B
710,1184286,2021-01-11,503.12,B
711,1304075,2021-01-11,429.97,B
712,1245344,2021-01-11,345.28,B
713,1585398,2021-01-11,490.34,B
714,1990287,2021-01-11,646.39,B
715,1245870,2021-01-11,608.5,B
716,1594663,2021-01-11,104.47,B
717,1941541,2021-01-11,686.98,B
718,1193631,2021-01-11,641.58,B
719,1539175,2021-01-11,96.33,B
720,1256376,2021-01-11,741.27,B
721,1685315,2021-01-11,340.98,B
722,1384259,2021-01-11,1310.67,B
723,1687245,2021-01-11,773.64,B
724,1260797,2021-01-11,634.35,B
725,1339641,2021-01-11,356.57,B
726,1501287,2021-01-11,242.18,B
727,1418078,2021-01-12,421.27,A
728,1358484,2021-01-12,953.12,A
729,1458228,2021-01-12,206.93,A
730,1469211,2021-01-12,481.34,A
731,1388252,2021-01-12,1806.06,A
732,1392116,2021-01-12,254.78,A
733,1931460,2021-01-12,420.68,A
734,1006205,2021-01-12,172.09,A
735,1933437,2021-01-12,550.63,A
736,1936312,2021-01-12,354.91,A
737,1475294,2021-01-12,153.21,A
738,1155865,2021-01-12,19.44,A
739,1786447,2021-01-12,48.1,A
740,1093181,2021-01-12,827.8,A
741,1549336,2021-01-12,282.19,A
742,1645430,2021-01-12,345.47,A
743,1255304,2021-01-12,1123.23,A
744,1208049,2021-01-12,549.49,A
745,1831021,2021-01-12,1135.58,A
746,1601172,2021-01-12,369.08,A
747,1542483,2021-01-12,136.55,A
748,1456371,2021-01-12,855.79,A
749,1251592,2021-01-12,833.32,A
750,1362320,2021-01-12,248.94,A
751,1281374,2021-01-12,752.28,A
752,1787698,2021-01-12,760.7,A
753,1873837,2021-01-12,200.66,A
754,1880850,2021-01-12,378.68,A
755,1814737,2021-01-12,216.16,A
756,1564746,2021-01-12,903.27,A
757,1928302,2021-01-12,357.82,A
758,1373243,2021-01-12,334.94,A
759,1997695,2021-01-12,344.63,A
760,1773292,2021-01-12,596.3,B
761,1050034,2021-01-12,1472.79,B
762,1350054,2021-01-12,194.3,B
763,1356499,2021-01-12,465.68,B
764,1047102,2021-01-12,142.07,B
765,1241004,2021-01-12,418.84,B
766,1934150,2021-01-12,760.55,B
767,1378822,2021-01-12,304.57,B
768,1271557,2021-01-12,608.73,B
769,1443018,2021-01-12,123.18,B
770,1158363,2021-01-12,671.86,B
771,1805814,2021-01-12,301.71,B
772,1956827,2021-01-12,1536.72,B
773,1362623,2021-01-12,1210.91,B
774,1865410,2021-01-12,455.27,B
775,1667181,2021-01-12,915.58,B
776,1060362,2021-01-12,290.85,B
777,1595062,2021-01-12,1022.96,B
778,1945688,2021-01-12,230.94,B
779,1974403,2021-01-12,1092.42,B
780,1388957,2021-01-12,244.95,B
781,1840020,2021-01-12,557.27,B
782,1644357,2021-01-12,628.22,B
783,1167959,2021-01-12,343.96,B
784,1357064,2021-01-12,255.05,B
785,1824979,2021-01-12,349.62,B
786,1748358,2021-01-12,832.06,B
787,1691924,2021-01-12,155.72,B
788,1371539,2021-01-12,77.55,B
789,1270324,2021-01-12,162.19,B
790,1115561,2021-01-12,118.31,B
791,1390613,2021-01-12,449.45,B
792,1582750,2021-01-12,675.5,B
793,1697237,2021-01-12,110.52,B
794,1718893,2021-01-12,628.87,B
795,1644251,2021-01-12,202.24,B
796,1321897,2021-01-12,445.57,B
797,1719994,2021-01-12,725.23,B
798,1393948,2021-01-12,1184.07,B
799,1973352,2021-01-12,611.09,B
800,1677768,2021-01-13,340.19,A
801,1342926,2021-01-13,514.88,A
802,1536483,2021-01-13,408.11,A
803,1963887,2021-01-13,600.14,A
804,1468422,2021-01-13,539.6,A
805,1943147,2021-01-13,361.97,A
806,1840742,2021-01-13,538.06,A
807,1161014,2021-01-13,439.07,A
808,1552577,2021-01-13,511.67,A
809,1437277,2021-01-13,380.25,A
810,1387145,2021-01-13,614.95,A
811,1789019,2021-01-13,174.02,A
812,1904318,2021-01-13,197.86,A
813,1593719,2021-01-13,683.74,A
814,1972964,2021-01-13,90.89,A
815,1339136,2021-01-13,257.58,A
816,1374454,2021-01-13,1676.06,A
817,1618715,2021-01-13,286.1,A
818,1300435,2021-01-13,511.46,A
819,1722097,2021-01-13,315.03,A
820,1386195,2021-01-13,340.82,A
821,1775691,2021-01-13,219.3,A
822,1624165,2021-01-13,560.54,A
823,1551485,2021-01-13,1605.62,A
824,1280997,2021-01-13,661.9,B
825,1999078,2021-01-13,124.16,B
826,1625231,2021-01-13,953.72,B
827,1568829,2021-01-13,757.62,B
828,1470367,2021-01-13,637.06,B
829,1659561,2021-01-13,698.83,B
830,1149513,2021-01-13,1294.85,B
831,1392261,2021-01-13,1470.23,B
832,1778878,2021-01-13,697.94,B
833,1868601,2021-01-13,657.65,B
834,1384380,2021-01-13,496.72,B
835,1943815,2021-01-13,35.15,B
836,1971931,2021-01-13,428.98,B
837,1633964,2021-01-13,272.89,B
838,1710937,2021-01-13,398.09,B
839,1419565,2021-01-13,906.25,B
840,1652684,2021-01-13,1020.85,B
841,1259238,2021-01-13,436.57,B
842,1666664,2021-01-13,495.48,B
843,1459992,2021-01-13,547.48,B
844,1163226,2021-01-13,635.0,B
845,1820679,2021-01-13,1583.78,B
846,1942840,2021-01-13,83.75,B
847,1041859,2021-01-13,672.05,B
848,1035211,2021-01-13,355.83,B
849,1462182,2021-01-13,402.63,B
850,1082466,2021-01-13,574.61,B
851,1339994,2021-01-13,296.91,B
852,1642280,2021-01-13,737.56,B
853,1406483,2021-01-13,721.9,B
854,1203590,2021-01-13,221.7,B
855,1102675,2021-01-13,157.67,B
856,1651459,2021-01-13,234.44,B
857,1687188,2021-01-13,893.57,B
858,1199038,2021-01-13,294.76,B
859,1821466,2021-01-13,658.26,B
860,1844514,2021-01-13,791.13,B
861,1431852,2021-01-13,118.68,B
862,1484747,2021-01-13,102.8,B
863,1026957,2021-01-13,192.4,B
864,1053939,2021-01-13,559.47,B
865,1176060,2021-01-14,442.95,A
866,1355932,2021-01-14,783.59,A
867,1351825,2021-01-14,1104.39,A
868,1380665,2021-01-14,213.89,A
869,1016321,2021-01-14,567.13,A
870,1276392,2021-01-14,365.0,A
871,1012804,2021-01-14,334.24,A
872,1419435,2021-01-14,321.08,A
873,1157856,2021-01-14,153.76,A
874,1232883,2021-01-14,870.89,A
875,1031984,2021-01-14,180.63,A
876,1087764,2021-01-14,213.81,A
877,1899689,2021-01-14,532.93,A
878,1400262,2021-01-14,360.91,A
879,1491927,2021-01-14,656.08,A
880,1946578,2021-01-14,570.82,A
881,1863674,2021-01-14,61.95,A
882,1887303,2021-01-14,875.12,A
883,1379660,2021-01-14,598.71,A
884,1961948,2021-01-14,960.12,A
885,1277157,2021-01-14,128.52,A
886,1583255,2021-01-14,407.41,A
887,1740414,2021-01-14,512.88,A
888,1983558,2021-01-14,83.66,A
889,1631765,2021-01-14,533.82,A
890,1188463,2021-01-14,187.12,A
891,1088813,2021-01-14,860.72,A
892,1120377,2021-01-14,202.51,A
893,1842887,2021-01-14,949.9,A
894,1564100,2021-01-14,317.22,A
895,1489614,2021-01-14,111.98,A
896,1495065,2021-01-14,989.25,A
897,1155922,2021-01-14,774.76,A
898,1677215,2021-01-14,177.29,A
899,1043177,2021-01-14,541.06,A
900,1673960,2021-01-14,81.37,B
901,1395611,2021-01-14,683.84,B
902,1956401,2021-01-14,1211.99,B
903,1805856,2021-01-14,596.24,B
904,1361581,2021-01-14,252.49,B
905,1462795,2021-01-14,993.07,B
906,1037465,2021-01-14,283.7,B
907,1910554,2021-01-14,822.45,B
908,1410978,2021-01-14,384.94,B
909,1482795,2021-01-14,864.57,B
910,1516957,2021-01-14,129.04,B
911,1999113,2021-01-14,899.33,B
912,1957050,2021-01-14,782.0,B
913,1676912,2021-01-14,173.88,B
914,1446140,2021-01-14,226.92,B
915,1582463,2021-01-14,187.61,B
916,1210705,2021-01-14,426.22,B
917,1941267,2021-01-14,265.65,B
918,1510640,2021-01-14,309.92,B
919,1666424,2021-01-14,320.71,B
920,1419409,2021-01-14,648.88,B
921,1092052,2021-01-14,1480.74,B
922,1641069,2021-01-14,873.54,B
923,1265451,2021-01-14,130.59,B
924,1314670,2021-01-14,167.47,B
925,1239664,2021-01-14,738.54,B
926,1113541,2021-01-14,666.56,B
927,1765819,2021-01-14,445.86,B
928,1999191,2021-01-14,78.29,B
929,1603583,2021-01-14,648.07,B
930,1222443,2021-01-15,617.86,A
931,1892327,2021-01-15,235.44,A
932,1449990,2021-01-15,604.33,A
933,1079002,2021-01-15,333.02,A
934,1731837,2021-01-15,325.62,A
935,1843368,2021-01-15,1464.5,A
936,1963639,2021-01-15,102.7,A
937,1658115,2021-01-15,958.89,A
938,1050994,2021-01-15,166.35,A
939,1066764,2021-01-15,56.98,A
940,1591336,2021-01-15,248.77,A
941,1262635,2021-01-15,498.85,A
942,1082190,2021-01-15,359.94,A
943,1039335,2021-01-15,202.85,A
944,1668482,2021-01-15,1736.74,A
945,1665292,2021-01-15,392.73,A
946,1262960,2021-01-15,1108.57,A
947,1841590,2021-01-15,266.23,A
948,1829905,2021-01-15,1544.75,A
949,1839968,2021-01-15,667.55,A
950,1180006,2021-01-15,499.66,A
951,1824286,2021-01-15,212.07,A
952,1326072,2021-01-15,233.22,A
953,1544738,2021-01-15,635.41,A
954,1698902,2021-01-15,319.07,A
955,1956218,2021-01-15,703.96,A
956,1695697,2021-01-15,637.01,A
957,1344096,2021-01-15,530.55,A
958,1851041,2021-01-15,600.38,A
959,1107251,2021-01-15,577.89,A
960,1354478,2021-01-15,356.65,A
961,1763213,2021-01-15,387.39,A
962,1806244,2021-01-15,300.73,A
963,1238080,2021-01-15,367.44,A
964,1702361,2021-01-15,284.56,A
965,1443604,2021-01-15,1085.31,A
966,1062564,2021-01-15,567.83,A
967,1461514,2021-01-15,632.96,A
968,1061793,2021-01-15,369.88,B
969,1305259,2021-01-15,116.29,B
970,1760515,2021-01-15,544.48,B
971,1056742,2021-01-15,470.8,B
972,1770042,2021-01-15,536.03,B
973,1161691,2021-01-15,565.91,B
974,1693773,2021-01-15,201.93,B
975,1145835,2021-01-15,85.3,B
976,1343474,2021-01-15,26.19,B
977,1906680,2021-01-15,902.45,B
978,1443306,2021-01-15,642.66,B
979,1035132,2021-01-15,357.6,B
980,1824815,2021-01-15,116.44,B
981,1387571,2021-01-15,87.12,B
982,1629835,2021-01-15,576.47,B
983,1247553,2021-01-15,90.1,B
984,1548309,2021-01-15,993.41,B
985,1086775,2021-01-15,455.76,B
986,1699767,2021-01-15,574.78,B
987,1533109,2021-01-15,368.26,B
988,1221253,2021-01-15,283.93,B
989,1972559,2021-01-15,940.65,B
990,1247341,2021-01-15,934.04,B
991,1022954,2021-01-15,207.09,B
992,1896944,2021-01-15,290.06,B
993,1171433,2021-01-15,330.36,B
994,1015359,2021-01-15,1047.16,B
995,1682930,2021-01-15,423.37,B
996,1163148,2021-01-15,653.55,B
997,1689415,2021-01-15,249.03,B
998,1392185,2021-01-15,90.38,B
999,1707027,2021-01-15,549.87,B
1000,1554246,2021-01-15,547.97,B
1001,1937176,2021-01-15,496.09,B
1002,1675693,2021-01-15,372.96,B
1003,1904855,2021-01-15,197.33,B
1004,1923887,2021-01-15,386.64,B
1005,1316058,2021-01-15,1214.76,B
1006,1080038,2021-01-15,819.99,B
1007,1783425,2021-01-15,155.87,B
1008,1006313,2021-01-15,363.99,B
1009,1517722,2021-01-15,173.23,B
1010,1395631,2021-01-15,759.12,B
1011,1855161,2021-01-15,467.97,B
1012,1543086,2021-01-15,234.02,B
1013,1944641,2021-01-16,892.34,A
1014,1919186,2021-01-16,242.02,A
1015,1006305,2021-01-16,372.16,A
1016,1320921,2021-01-16,288.35,A
1017,1299504,2021-01-16,617.25,A
1018,1514154,2021-01-16,352.74,A
1019,1698937,2021-01-16,371.82,A
1020,1865003,2021-01-16,204.32,A
1021,1619808,2021-01-16,342.59,A
1022,1140532,2021-01-16,756.35,A
1023,1671368,2021-01-16,182.48,A
1024,1251236,2021-01-16,858.82,A
1025,1750135,2021-01-16,507.66,A
1026,1386720,2021-01-16,83.28,A
1027,1524831,2021-01-16,571.61,A
1028,1451073,2021-01-16,265.27,A
1029,1857974,2021-01-16,808.26,A
1030,1161281,2021-01-16,1225.98,A
1031,1866634,2021-01-16,194.98,A
1032,1174349,2021-01-16,615.18,A
1033,1853606,2021-01-16,444.14,A
1034,1136165,2021-01-16,220.79,A
1035,1940973,2021-01-16,755.57,A
1036,1292257,2021-01-16,924.32,A
1037,1858710,2021-01-16,1177.32,A
1038,1282453,2021-01-16,1521.62,B
1039,1047839,2021-01-16,969.75,B
1040,1305294,2021-01-16,343.05,B
1041,1934659,2021-01-16,183.76,B
1042,1335872,2021-01-16,1165.42,B
1043,1846734,2021-01-16,156.73,B
1044,1005151,2021-01-16,99.11,B
1045,1159671,2021-01-16,141.7,B
1046,1327618,2021-01-16,18.98,B
1047,1484272,2021-01-16,204.29,B
1048,1928627,2021-01-16,665.25,B
1049,1150699,2021-01-16,210.54,B
1050,1180661,2021-01-16,205.64,B
1051,1920463,2021-01-16,516.72,B
1052,1144893,2021-01-16,566.1,B
1053,1836273,2021-01-16,1118.48,B
1054,1063581,2021-01-16,80.36,B
1055,1489294,2021-01-16,275.66,B
1056,1378142,2021-01-16,1139.33,B
1057,1118258,2021-01-16,232.12,B
1058,1864638,2021-01-16,468.12,B
1059,1207603,2021-01-16,710.09,B
1060,1603490,2021-01-16,985.72,B
1061,1581022,2021-01-16,1185.32,B
1062,1411763,2021-01-16,310.62,B
1063,1457064,2021-01-16,532.92,B
1064,1056213,2021-01-16,494.8,B
1065,1840320,2021-01-16,139.0,B
1066,1293584,2021-01-16,146.32,B
1067,1956914,2021-01-16,234.14,B
1068,1872561,2021-01-16,892.66,B
1069,1977395,2021-01-16,329.14,B
1070,1072289,2021-01-16,972.48,B
1071,1996321,2021-01-16,526.72,B
1072,1026787,2021-01-16,118.26,B
1073,1928639,2021-01-16,422.22,B
1074,1493824,2021-01-16,115.4,B
1075,1754852,2021-01-16,583.97,B
1076,1055673,2021-01-16,274.3,B
1077,1885736,2021-01-16,498.41,B
1078,1633244,2021-01-16,664.65,B
1079,1416712,2021-01-16,318.35,B
1080,1603118,2021-01-16,504.95,B
1081,1737848,2021-01-16,605.48,B
1082,1846156,2021-01-16,563.72,B
1083,1985554,2021-01-16,325.12,B
1084,1549324,2021-01-16,274.92,B
1085,1486053,2021-01-17,1156.16,A
1086,1873156,2021-01-17,648.6,A
1087,1478295,2021-01-17,506.58,A
1088,1747996,2021-01-17,162.73,A
1089,1855668,2021-01-17,258.52,A
1090,1943161,2021-01-17,98.29,A
1091,1923559,2021-01-17,456.33,A
1092,1249323,2021-01-17,230.1,A
1093,1036292,2021-01-17,335.52,A
1094,1375083,2021-01-17,1131.69,A
1095,1014996,2021-01-17,524.7,A
1096,1125563,2021-01-17,765.93,A
1097,1228161,2021-01-17,258.47,A
1098,1951939,2021-01-17,265.3,A
1099,1740247,2021-01-17,162.99,A
1100,1248365,2021-01-17,92.16,A
1101,1479059,2021-01-17,120.6,A
1102,1255885,2021-01-17,201.0,A
1103,1841992,2021-01-17,636.89,A
1104,1375863,2021-01-17,169.34,A
1105,1346939,2021-01-17,908.96,A
1106,1291224,2021-01-17,199.44,A
1107,1610754,2021-01-17,585.31,A
1108,1547199,2021-01-17,147.54,A
1109,1776692,2021-01-17,588.01,A
1110,1849392,2021-01-17,329.73,A
1111,1090416,2021-01-17,274.91,A
1112,1873358,2021-01-17,431.58,A
1113,1042975,2021-01-17,295.38,A
1114,1321947,2021-01-17,154.56,A
1115,1760464,2021-01-17,281.31,A
1116,1817236,2021-01-17,88.7,A
1117,1082502,2021-01-17,640.02,B
1118,1412347,2021-01-17,233.7,B
1119,1155304,2021-01-17,162.37,B
1120,1317720,2021-01-17,45.8,B
1121,1494479,2021-01-17,773.24,B
1122,1878413,2021-01-17,549.04,B
1123,1917194,2021-01-17,410.07,B
1124,1087316,2021-01-17,155.74,B
1125,1553520,2021-01-17,603.94,B
1126,1488090,2021-01-17,607.9,B
1127,1966808,2021-01-17,451.71,B
1128,1679963,2021-01-17,777.48,B
1129,1929412,2021-01-17,210.89,B
1130,1862499,2021-01-17,586.71,B
1131,1979899,2021-01-17,448.95,B
1132,1134328,2021-01-17,280.74,B
1133,1718111,2021-01-17,154.61,B
1134,1915098,2021-01-17,244.59,B
1135,1924587,2021-01-17,245.55,B
1136,1546901,2021-01-17,528.02,B
1137,1938120,2021-01-17,672.99,B
1138,1511270,2021-01-17,314.18,B
1139,1105823,2021-01-17,557.43,B
1140,1480367,2021-01-17,104.67,B
1141,1380888,2021-01-17,1079.22,B
1142,1576210,2021-01-17,120.3,B
1143,1612138,2021-01-17,505.63,B
1144,1080496,2021-01-17,453.71,B
1145,1213676,2021-01-18,250.03,A
1146,1449127,2021-01-18,303.65,A
1147,1173226,2021-01-18,6.22,A
1148,1113612,2021-01-18,63.38,A
1149,1069117,2021-01-18,343.85,A
1150,1036449,2021-01-18,1120.74,A
1151,1637187,2021-01-18,318.76,A
1152,1730710,2021-01-18,512.27,A
1153,1333268,2021-01-18,1087.44,A
1154,1657236,2021-01-18,151.19,A
1155,1518791,2021-01-18,445.86,A
1156,1389106,2021-01-18,841.52,A
1157,1462094,2021-01-18,645.8,A
1158,1430737,2021-01-18,507.63,A
1159,1198897,2021-01-18,432.56,A
1160,1081025,2021-01-18,142.47,A
1161,1823224,2021-01-18,957.17,A
1162,1838401,2021-01-18,409.23,A
1163,1417181,2021-01-18,770.22,A
1164,1591065,2021-01-18,1067.22,A
1165,1985731,2021-01-18,455.37,A
1166,1570245,2021-01-18,785.16,A
1167,1501416,2021-01-18,186.48,A
1168,1338135,2021-01-18,104.31,A
1169,1308879,2021-01-18,303.22,A
1170,1764746,2021-01-18,843.37,A
1171,1274679,2021-01-18,951.34,A
1172,1354441,2021-01-18,260.05,A
1173,1282713,2021-01-18,31.45,A
1174,1672138,2021-01-18,467.75,A
1175,1416119,2021-01-18,196.59,A
1176,1501133,2021-01-18,290.83,A
1177,1260656,2021-01-18,882.46,B
1178,1594593,2021-01-18,807.44,B
1179,1891956,2021-01-18,499.71,B
1180,1994963,2021-01-18,328.23,B
1181,1153523,2021-01-18,584.31,B
1182,1859525,2021-01-18,800.88,B
1183,1390799,2021-01-18,389.52,B
1184,1726224,2021-01-18,532.77,B
1185,1674045,2021-01-18,613.58,B
1186,1254410,2021-01-18,668.22,B
1187,1060839,2021-01-18,765.32,B
1188,1575285,2021-01-18,878.59,B
1189,1923747,2021-01-18,200.06,B
1190,1172591,2021-01-18,531.67,B
1191,1938238,2021-01-18,296.83,B
1192,1090141,2021-01-18,940.38,B
1193,1880153,2021-01-18,193.01,B
1194,1231037,2021-01-18,269.55,B
1195,1488044,2021-01-18,40.83,B
1196,1733688,2021-01-18,306.96,B
1197,1755204,2021-01-18,465.05,B
1198,1350785,2021-01-18,402.89,B
1199,1070544,2021-01-18,300.49,B
1200,1008697,2021-01-18,255.12,B
1201,1782546,2021-01-18,585.26,B
1202,1035482,2021-01-18,256.12,B
1203,1028827,2021-01-18,640.73,B
1204,1438180,2021-01-18,824.22,B
1205,1085462,2021-01-18,474.39,B
1206,1026114,2021-01-18,861.91,B
1207,1881672,2021-01-18,144.92,B
1208,1363616,2021-01-18,218.83,B
1209,1145527,2021-01-18,933.98,B
1210,1040088,2021-01-18,1077.56,B
1211,1586826,2021-01-18,597.34,B
1212,1048735,2021-01-19,366.08,A
1213,1628364,2021-01-19,101.68,A
1214,1940526,2021-01-19,442.03,A
1215,1366258,2021-01-19,374.08,A
1216,1874036,2021-01-19,762.76,A
1217,1461846,2021-01-19,440.61,A
1218,1611680,2021-01-19,967.21,A
1219,1032554,2021-01-19,377.91,A
1220,1511184,2021-01-19,30.21,A
1221,1732460,2021-01-19,256.87,A
1222,1852587,2021-01-19,1374.5,A
1223,1601606,2021-01-19,187.68,A
1224,1701987,2021-01-19,59.47,A
1225,1847204,2021-01-19,908.75,A
1226,1397613,2021-01-19,502.61,A
1227,1457367,2021-01-19,1479.56,A
1228,1914795,2021-01-19,425.11,A
1229,1263433,2021-01-19,940.26,A
1230,1203444,2021-01-19,159.48,A
1231,1979638,2021-01-19,317.02,A
1232,1226521,2021-01-19,254.16,A
1233,1518245,2021-01-19,176.85,A
1234,1471941,2021-01-19,745.45,B
1235,1536476,2021-01-19,426.53,B
1236,1956276,2021-01-19,288.44,B
1237,1740157,2021-01-19,677.84,B
1238,1908222,2021-01-19,339.28,B
1239,1405072,2021-01-19,665.98,B
1240,1290404,2021-01-19,609.8,B
1241,1606340,2021-01-19,781.55,B
1242,1269039,2021-01-19,1075.89,B
1243,1575753,2021-01-19,411.74,B
1244,1714735,2021-01-19,1061.66,B
1245,1428845,2021-01-19,178.07,B
1246,1804991,2021-01-19,281.07,B
1247,1865891,2021-01-19,149.6,B
1248,1670171,2021-01-19,384.57,B
1249,1264270,2021-01-19,567.59,B
1250,1823410,2021-01-19,657.93,B
1251,1058342,2021-01-19,148.52,B
1252,1116524,2021-01-19,211.46,B
1253,1727566,2021-01-19,311.04,B
1254,1111044,2021-01-19,568.48,B
1255,1728291,2021-01-19,429.54,B
1256,1622723,2021-01-19,220.9,B
1257,1628386,2021-01-19,192.59,B
1258,1998179,2021-01-19,218.17,B
1259,1700834,2021-01-19,333.95,B
1260,1219395,2021-01-19,223.07,B
1261,1354056,2021-01-19,674.88,B
1262,1530076,2021-01-19,534.62,B
1263,1198733,2021-01-19,324.28,B
1264,1754608,2021-01-19,287.31,B
1265,1948371,2021-01-19,1074.34,B
1266,1721719,2021-01-19,303.86,B
1267,1201146,2021-01-19,406.52,B
1268,1546652,2021-01-19,611.91,B
1269,1292867,2021-01-19,1032.03,B
1270,1087778,2021-01-19,129.14,B
1271,1685442,2021-01-19,178.8,B
1272,1419805,2021-01-19,1068.28,B
1273,1851589,2021-01-19,798.23,B
1274,1832493,2021-01-20,3.1,A
1275,1773539,2021-01-20,114.78,A
1276,1353877,2021-01-20,137.09,A
1277,1877009,2021-01-20,289.55,A
1278,1166257,2021-01-20,262.39,A
1279,1881933,2021-01-20,218.51,A
1280,1081841,2021-01-20,265.2,A
1281,1058727,2021-01-20,333.3,A
1282,1216928,2021-01-20,575.83,A
1283,1033756,2021-01-20,119.58,A
1284,1613824,2021-01-20,629.98,A
1285,1355746,2021-01-20,357.21,A
1286,1782590,2021-01-20,248.73,A
1287,1477070,2021-01-20,295.67,A
1288,1750426,2021-01-20,398.02,A
1289,1487960,2021-01-20,1382.3,A
1290,1524043,2021-01-20,386.3,A
1291,1438000,2021-01-20,156.02,A
1292,1422873,2021-01-20,661.39,A
1293,1848751,2021-01-20,243.29,A
1294,1970685,2021-01-20,339.62,A
1295,1069062,2021-01-20,1236.25,A
1296,1951110,2021-01-20,540.54,A
1297,1171182,2021-01-20,510.41,A
1298,1427299,2021-01-20,127.23,A
1299,1007858,2021-01-20,216.07,A
1300,1774700,2021-01-20,335.96,B
1301,1288560,2021-01-20,555.9,B
1302,1165974,2021-01-20,291.62,B
1303,1116646,2021-01-20,74.2,B
1304,1354889,2021-01-20,270.1,B
1305,1401238,2021-01-20,245.8,B
1306,1070712,2021-01-20,234.6,B
1307,1942237,2021-01-20,1528.21,B
1308,1045789,2021-01-20,578.21,B
1309,1542073,2021-01-20,515.23,B
1310,1857034,2021-01-20,466.82,B
1311,1385073,2021-01-20,417.02,B
1312,1749498,2021-01-20,148.6,B
1313,1120754,2021-01-20,614.47,B
1314,1849023,2021-01-20,1023.22,B
1315,1579934,2021-01-20,144.79,B
1316,1887756,2021-01-20,243.75,B
1317,1047855,2021-01-20,474.52,B
1318,1022605,2021-01-20,109.89,B
1319,1115228,2021-01-20,1785.38,B
1320,1349446,2021-01-20,349.76,B
1321,1432824,2021-01-20,235.9,B
1322,1311400,2021-01-20,327.49,B
1323,1124502,2021-01-20,456.35,B
1324,1529573,2021-01-20,530.15,B
1325,1713051,2021-01-20,671.59,B
1326,1416060,2021-01-20,215.57,B
1327,1064397,2021-01-20,222.96,B
1328,1516473,2021-01-20,1232.76,B
1329,1465163,2021-01-20,119.63,B
1330,1487980,2021-01-20,651.0,B
1331,1452242,2021-01-21,1103.73,A
1332,1431901,2021-01-21,488.62,A
1333,1977266,2021-01-21,350.46,A
1334,1701258,2021-01-21,319.01,A
1335,1132897,2021-01-21,973.38,A
1336,1638929,2021-01-21,903.94,A
1337,1990986,2021-01-21,498.56,A
1338,1161412,2021-01-21,468.4,A
1339,1119439,2021-01-21,442.25,A
1340,1196959,2021-01-21,510.7,A
1341,1339473,2021-01-21,167.4,A
1342,1538324,2021-01-21,755.41,A
1343,1864555,2021-01-21,235.15,A
1344,1598950,2021-01-21,913.51,A
1345,1735465,2021-01-21,238.2,A
1346,1560158,2021-01-21,541.54,A
1347,1956638,2021-01-21,273.5,A
1348,1764918,2021-01-21,273.21,A
1349,1788913,2021-01-21,655.7,A
1350,1921671,2021-01-21,1104.01,A
1351,1273127,2021-01-21,230.45,A
1352,1146278,2021-01-21,792.75,A
1353,1134864,2021-01-21,665.26,A
1354,1435129,2021-01-21,368.49,A
1355,1812686,2021-01-21,295.37,A
1356,1370819,2021-01-21,1622.05,A
1357,1146041,2021-01-21,730.48,A
1358,1852529,2021-01-21,137.77,A
1359,1374477,2021-01-21,856.04,A
1360,1922411,2021-01-21,430.23,A
1361,1875397,2021-01-21,182.74,B
1362,1448169,2021-01-21,558.77,B
1363,1957189,2021-01-21,646.26,B
1364,1055302,2021-01-21,897.61,B
1365,1574830,2021-01-21,196.19,B
1366,1969962,2021-01-21,1077.89,B
1367,1939294,2021-01-21,369.65,B
1368,1316337,2021-01-21,132.0,B
1369,1766559,2021-01-21,468.56,B
1370,1630996,2021-01-21,509.61,B
1371,1071625,2021-01-21,1030.19,B
1372,1721540,2021-01-21,201.58,B
1373,1980912,2021-01-21,82.94,B
1374,1115021,2021-01-21,170.94,B
1375,1675966,2021-01-21,10.21,B
1376,1741175,2021-01-21,1060.54,B
1377,1525684,2021-01-21,280.79,B
1378,1137495,2021-01-21,294.23,B
1379,1219461,2021-01-21,704.83,B
1380,1602956,2021-01-21,83.32,B
1381,1135950,2021-01-21,253.5,B
1382,1221734,2021-01-21,226.41,B
1383,1580616,2021-01-21,93.16,B
1384,1669894,2021-01-21,74.3,B
1385,1819180,2021-01-21,618.49,B
1386,1339516,2021-01-21,429.16,B
1387,1876016,2021-01-21,1380.05,B
1388,1540235,2021-01-21,736.07,B
1389,1486814,2021-01-21,346.54,B
1390,1353338,2021-01-21,675.4,B
1391,1796238,2021-01-21,869.93,B
1392,1879489,2021-01-21,990.9,B
1393,1443751,2021-01-21,659.88,B
1394,1962203,2021-01-21,383.91,B
1395,1634935,2021-01-21,429.12,B
1396,1140526,2021-01-21,490.49,B
1397,1017340,2021-01-21,182.15,B
1398,1418366,2021-01-21,218.81,B
1399,1473006,2021-01-21,72.64,B
1400,1030934,2021-01-22,238.57,A
1401,1517887,2021-01-22,199.09,A
1402,1360087,2021-01-22,505.0,A
1403,1813172,2021-01-22,922.83,A
1404,1822847,2021-01-22,38.6,A
1405,1125606,2021-01-22,955.18,A
1406,1932314,2021-01-22,958.85,A
1407,1282222,2021-01-22,319.72,A
1408,1681995,2021-01-22,255.42,A
1409,1544594,2021-01-22,357.44,A
1410,1533264,2021-01-22,1616.46,A
1411,1794540,2021-01-22,1202.95,A
1412,1093197,2021-01-22,641.66,A
1413,1418143,2021-01-22,112.41,A
1414,1921821,2021-01-22,434.61,A
1415,1002861,2021-01-22,193.44,A
1416,1858151,2021-01-22,349.19,A
1417,1890004,2021-01-22,1355.98,A
1418,1093967,2021-01-22,120.51,A
1419,1811997,2021-01-22,446.9,A
1420,1515888,2021-01-22,231.11,A
1421,1100146,2021-01-22,248.94,A
1422,1686231,2021-01-22,132.79,A
1423,1002733,2021-01-22,1011.72,A
1424,1915557,2021-01-22,249.92,A
1425,1214481,2021-01-22,227.11,A
1426,1445700,2021-01-22,571.4,A
1427,1383173,2021-01-22,433.67,A
1428,1703462,2021-01-22,176.9,B
1429,1913327,2021-01-22,1202.32,B
1430,1274400,2021-01-22,449.5,B
1431,1959554,2021-01-22,223.86,B
1432,1635266,2021-01-22,529.3,B
1433,1048895,2021-01-22,348.95,B
1434,1094132,2021-01-22,94.44,B
1435,1062835,2021-01-22,796.89,B
1436,1063530,2021-01-22,91.04,B
1437,1577587,2021-01-22,333.25,B
1438,1397945,2021-01-22,312.66,B
1439,1504210,2021-01-22,308.53,B
1440,1101958,2021-01-22,1021.02,B
1441,1149140,2021-01-22,382.83,B
1442,1031004,2021-01-22,531.4,B
1443,1778076,2021-01-22,29.21,B
1444,1157739,2021-01-22,321.44,B
1445,1109450,2021-01-22,298.55,B
1446,1249134,2021-01-22,283.68,B
1447,1475700,2021-01-22,349.36,B
1448,1094775,2021-01-22,1552.01,B
1449,1552930,2021-01-22,159.3,B
1450,1305289,2021-01-22,122.8,B
1451,1212045,2021-01-22,127.07,B
1452,1850432,2021-01-22,198.27,B
1453,1080745,2021-01-22,763.63,B
1454,1197673,2021-01-22,824.81,B
1455,1810049,2021-01-22,1079.87,B
1456,1253997,2021-01-22,1491.66,B
1457,1895306,2021-01-22,94.47,B
1458,1709460,2021-01-22,562.95,B
1459,1139549,2021-01-22,338.89,B
1460,1713022,2021-01-22,298.26,B
1461,1857295,2021-01-22,236.5,B
1462,1001269,2021-01-22,192.45,B
1463,1688650,2021-01-22,478.45,B
1464,1910945,2021-01-22,316.73,B
1465,1825770,2021-01-22,156.03,B
1466,1050182,2021-01-22,280.33,B
1467,1469528,2021-01-22,640.62,B
1468,1866326,2021-01-22,876.87,B
1469,1443605,2021-01-23,54.79,A
1470,1471946,2021-01-23,1208.59,A
1471,1440439,2021-01-23,617.38,A
1472,1171050,2021-01-23,571.26,A
1473,1880183,2021-01-23,757.56,A
1474,1290551,2021-01-23,515.06,A
1475,1140725,2021-01-23,84.85,A
1476,1902503,2021-01-23,362.97,A
1477,1008129,2021-01-23,125.89,A
1478,1592231,2021-01-23,174.44,A
1479,1926416,2021-01-23,476.34,A
1480,1139118,2021-01-23,941.23,A
1481,1129135,2021-01-23,358.42,A
1482,1946262,2021-01-23,413.63,A
1483,1137304,2021-01-23,630.54,A
1484,1606913,2021-01-23,314.11,A
1485,1365973,2021-01-23,613.24,A
1486,1256334,2021-01-23,1064.05,A
1487,1847813,2021-01-23,406.48,A
1488,1253346,2021-01-23,500.39,A
1489,1872565,2021-01-23,184.25,A
1490,1409877,2021-01-23,509.73,A
1491,1777634,2021-01-23,787.62,A
1492,1873084,2021-01-23,506.11,A
1493,1168408,2021-01-23,1499.26,A
1494,1143046,2021-01-23,395.6,A
1495,1025891,2021-01-23,562.81,A
1496,1938207,2021-01-23,152.22,A
1497,1089028,2021-01-23,269.01,A
1498,1044700,2021-01-23,681.52,A
1499,1855849,2021-01-23,742.73,B
1500,1295209,2021-01-23,360.92,B
1501,1297628,2021-01-23,1248.41,B
1502,1766171,2021-01-23,324.88,B
1503,1658296,2021-01-23,151.45,B
1504,1338289,2021-01-23,1293.9,B
1505,1276436,2021-01-23,270.81,B
1506,1306288,2021-01-23,709.83,B
1507,1843938,2021-01-23,106.63,B
1508,1371930,2021-01-23,861.85,B
1509,1692315,2021-01-23,220.03,B
1510,1494328,2021-01-23,233.97,B
1511,1962757,2021-01-23,59.5,B
1512,1849861,2021-01-23,304.32,B
1513,1256140,2021-01-23,218.08,B
1514,1820202,2021-01-23,335.44,B
1515,1614793,2021-01-23,158.02,B
1516,1554556,2021-01-23,341.31,B
1517,1346574,2021-01-23,810.72,B
1518,1354598,2021-01-23,375.56,B
1519,1763543,2021-01-23,107.61,B
1520,1798833,2021-01-23,135.03,B
1521,1970188,2021-01-23,323.74,B
1522,1429254,2021-01-23,577.68,B
1523,1125109,2021-01-23,744.16,B
1524,1034753,2021-01-23,790.9,B
1525,1007872,2021-01-23,410.27,B
1526,1340455,2021-01-23,263.17,B
1527,1400733,2021-01-23,483.39,B
1528,1863403,2021-01-23,81.42,B
1529,1174155,2021-01-23,628.21,B
1530,1229152,2021-01-23,393.09,B
1531,1888056,2021-01-23,1245.63,B
1532,1756401,2021-01-23,303.6,B
1533,1202199,2021-01-23,256.7,B
1534,1358381,2021-01-23,320.0,B
1535,1781442,2021-01-23,569.84,B
1536,1020630,2021-01-23,473.96,B
1537,1893754,2021-01-23,321.49,B
1538,1517062,2021-01-23,74.91,B
1539,1089788,2021-01-23,109.87,B
1540,1164913,2021-01-23,489.89,B
1541,1044549,2021-01-23,486.97,B
1542,1882369,2021-01-23,1046.49,B
1543,1784190,2021-01-23,394.01,B
1544,1608801,2021-01-23,332.79,B
1545,1900682,2021-01-24,106.29,A
1546,1570197,2021-01-24,120.13,A
1547,1699522,2021-01-24,166.97,A
1548,1399390,2021-01-24,527.46,A
1549,1948893,2021-01-24,486.67,A
1550,1907685,2021-01-24,1076.79,A
1551,1622097,2021-01-24,1269.93,A
1552,1034802,2021-01-24,822.68,A
1553,1007658,2021-01-24,607.44,A
1554,1913219,2021-01-24,112.38,A
1555,1181576,2021-01-24,401.11,A
1556,1309135,2021-01-24,300.46,A
1557,1727053,2021-01-24,688.36,A
1558,1883107,2021-01-24,393.3,A
1559,1661215,2021-01-24,115.76,A
1560,1930156,2021-01-24,308.7,A
1561,1240007,2021-01-24,695.66,A
1562,1975940,2021-01-24,1386.12,A
1563,1942149,2021-01-24,357.85,A
1564,1884102,2021-01-24,137.14,A
1565,1569192,2021-01-24,455.05,A
1566,1321141,2021-01-24,919.44,A
1567,1086758,2021-01-24,661.7,A
1568,1369416,2021-01-24,1204.29,A
1569,1668297,2021-01-24,441.87,A
1570,1579201,2021-01-24,737.38,A
1571,1906453,2021-01-24,584.18,A
1572,1880770,2021-01-24,157.03,A
1573,1419678,2021-01-24,23.94,A
1574,1812370,2021-01-24,212.95,A
1575,1324955,2021-01-24,1206.77,A
1576,1937275,2021-01-24,889.67,A
1577,1424304,2021-01-24,396.06,A
1578,1444615,2021-01-24,960.58,A
1579,1665012,2021-01-24,746.34,B
1580,1281975,2021-01-24,1858.34,B
1581,1686505,2021-01-24,381.68,B
1582,1423708,2021-01-24,555.67,B
1583,1355755,2021-01-24,592.89,B
1584,1995724,2021-01-24,175.24,B
1585,1276662,2021-01-24,353.37,B
1586,1844196,2021-01-24,1002.06,B
1587,1702595,2021-01-24,694.83,B
1588,1533167,2021-01-24,130.24,B
1589,1774043,2021-01-24,328.16,B
1590,1418692,2021-01-24,457.14,B
1591,1512411,2021-01-24,124.7,B
1592,1033233,2021-01-24,473.71,B
1593,1561518,2021-01-24,369.1,B
1594,1989600,2021-01-24,39.28,B
1595,1765273,2021-01-24,206.42,B
1596,1898673,2021-01-24,853.51,B
1597,1531345,2021-01-24,1613.86,B
1598,1557547,2021-01-24,438.02,B
1599,1347336,2021-01-24,165.7,B
1600,1333729,2021-01-24,200.47,B
1601,1401677,2021-01-24,148.55,B
1602,1216393,2021-01-24,392.18,B
1603,1979160,2021-01-24,205.04,B
1604,1204398,2021-01-24,1192.75,B
1605,1907346,2021-01-24,472.63,B
1606,1543159,2021-01-24,1220.21,B
1607,1241996,2021-01-24,495.34,B
1608,1708317,2021-01-24,428.26,B
1609,1640216,2021-01-24,378.21,B
1610,1112210,2021-01-24,189.19,B
1611,1594307,2021-01-24,335.82,B
1612,1986928,2021-01-24,129.07,B
1613,1647035,2021-01-24,519.08,B
1614,1583506,2021-01-24,581.13,B
1615,1277724,2021-01-24,363.32,B
1616,1272939,2021-01-24,404.05,B
1617,1739570,2021-01-24,761.95,B
1618,1526484,2021-01-24,299.34,B
1619,1315034,2021-01-24,118.86,B
1620,1554673,2021-01-24,546.63,B
1621,1773842,2021-01-24,348.95,B
1622,1075001,2021-01-24,1153.6,B
1623,1150045,2021-01-24,220.91,B
1624,1330306,2021-01-24,180.2,B
1625,1683165,2021-01-24,255.41,B
1626,1267051,2021-01-25,359.31,A
1627,1106276,2021-01-25,721.06,A
1628,1234443,2021-01-25,109.84,A
1629,1659294,2021-01-25,666.07,A
1630,1628939,2021-01-25,462.01,A
1631,1076785,2021-01-25,356.72,A
1632,1659082,2021-01-25,347.43,A
1633,1406147,2021-01-25,143.57,A
1634,1667354,2021-01-25,360.06,A
1635,1854955,2021-01-25,367.3,A
1636,1727311,2021-01-25,1059.91,A
1637,1097087,2021-01-25,1117.87,A
1638,1473330,2021-01-25,925.05,A
1639,1308485,2021-01-25,199.12,A
1640,1870597,2021-01-25,1096.29,A
1641,1856865,2021-01-25,758.05,A
1642,1124528,2021-01-25,443.41,A
1643,1499779,2021-01-25,153.78,A
1644,1241078,2021-01-25,187.76,A
1645,1473089,2021-01-25,563.1,A
1646,1700720,2021-01-25,48.51,A
1647,1124827,2021-01-25,474.31,A
1648,1732725,2021-01-25,392.35,A
1649,1741211,2021-01-25,620.98,A
1650,1827782,2021-01-25,160.73,A
1651,1757939,2021-01-25,121.1,A
1652,1329447,2021-01-25,1415.41,A
1653,1401920,2021-01-25,178.0,A
1654,1191221,2021-01-25,148.88,A
1655,1079716,2021-01-25,118.51,A
1656,1583443,2021-01-25,83.37,A
1657,1602667,2021-01-25,853.67,A
1658,1933787,2021-01-25,1198.31,B
1659,1053049,2021-01-25,58.42,B
1660,1432920,2021-01-25,77.77,B
1661,1511102,2021-01-25,247.35,B
1662,1508536,2021-01-25,222.94,B
1663,1142063,2021-01-25,341.44,B
1664,1839251,2021-01-25,483.43,B
1665,1506736,2021-01-25,686.37,B
1666,1335707,2021-01-25,120.94,B
1667,1418707,2021-01-25,67.05,B
1668,1684333,2021-01-25,2631.01,B
1669,1803811,2021-01-25,46.31,B
1670,1956906,2021-01-25,369.17,B
1671,1055701,2021-01-25,1493.74,B
1672,1892997,2021-01-25,457.76,B
1673,1287276,2021-01-25,349.38,B
1674,1459469,2021-01-25,942.96,B
1675,1748337,2021-01-25,62.4,B
1676,1976254,2021-01-25,190.55,B
1677,1304456,2021-01-25,206.28,B
1678,1406584,2021-01-25,382.89,B
1679,1160405,2021-01-25,615.32,B
1680,1164758,2021-01-25,253.75,B
1681,1593633,2021-01-25,312.17,B
1682,1625107,2021-01-25,451.26,B
1683,1634958,2021-01-25,78.47,B
1684,1010766,2021-01-25,619.35,B
1685,1948301,2021-01-25,312.06,B
1686,1175611,2021-01-25,341.98,B
1687,1342253,2021-01-25,233.77,B
1688,1089993,2021-01-25,197.15,B
1689,1599679,2021-01-25,160.75,B
1690,1434934,2021-01-25,152.51,B
1691,1277879,2021-01-25,394.55,B
1692,1203338,2021-01-26,982.6,A
1693,1090491,2021-01-26,1181.94,A
1694,1279345,2021-01-26,640.39,A
1695,1741591,2021-01-26,1153.34,A
1696,1555394,2021-01-26,224.35,A
1697,1928283,2021-01-26,320.59,A
1698,1566301,2021-01-26,892.94,A
1699,1927523,2021-01-26,687.35,A
1700,1555277,2021-01-26,201.99,A
1701,1138657,2021-01-26,1352.46,A
1702,1117180,2021-01-26,107.79,A
1703,1660959,2021-01-26,167.99,A
1704,1110981,2021-01-26,74.09,A
1705,1588949,2021-01-26,153.19,A
1706,1474688,2021-01-26,117.26,A
1707,1816853,2021-01-26,1851.64,A
1708,1740272,2021-01-26,523.51,A
1709,1834464,2021-01-26,843.04,A
1710,1906612,2021-01-26,535.43,A
1711,1759359,2021-01-26,795.36,A
1712,1991707,2021-01-26,1402.55,A
1713,1871510,2021-01-26,338.34,A
1714,1044967,2021-01-26,278.85,A
1715,1740824,2021-01-26,412.48,A
1716,1814038,2021-01-26,73.94,A
1717,1887018,2021-01-26,1178.58,A
1718,1098255,2021-01-26,1198.74,B
1719,1152901,2021-01-26,350.73,B
1720,1790121,2021-01-26,524.0,B
1721,1924778,2021-01-26,626.98,B
1722,1412922,2021-01-26,960.2,B
1723,1583603,2021-01-26,659.15,B
1724,1656592,2021-01-26,179.21,B
1725,1498053,2021-01-26,670.6,B
1726,1263355,2021-01-26,1417.07,B
1727,1299548,2021-01-26,357.11,B
1728,1770345,2021-01-26,488.7,B
1729,1147423,2021-01-26,348.05,B
1730,1885068,2021-01-26,544.59,B
1731,1979152,2021-01-26,261.76,B
1732,1120725,2021-01-26,301.15,B
1733,1210312,2021-01-26,476.73,B
1734,1509383,2021-01-26,244.86,B
1735,1005955,2021-01-26,785.1,B
1736,1906713,2021-01-26,751.24,B
1737,1143356,2021-01-26,229.08,B
1738,1995943,2021-01-26,688.9,B
1739,1103375,2021-01-26,292.68,B
1740,1014763,2021-01-26,148.17,B
1741,1561008,2021-01-26,200.19,B
1742,1697490,2021-01-26,668.64,B
1743,1849918,2021-01-26,328.14,B
1744,1527329,2021-01-26,564.49,B
1745,1149646,2021-01-26,424.36,B
1746,1629845,2021-01-26,170.22,B
1747,1264719,2021-01-26,302.53,B
1748,1721446,2021-01-26,190.69,B
1749,1360718,2021-01-27,460.46,A
1750,1579858,2021-01-27,149.6,A
1751,1744621,2021-01-27,149.19,A
1752,1025410,2021-01-27,80.66,A
1753,1487346,2021-01-27,278.5,A
1754,1513543,2021-01-27,684.93,A
1755,1053801,2021-01-27,552.03,A
1756,1989693,2021-01-27,167.52,A
1757,1188139,2021-01-27,625.45,A
1758,1950000,2021-01-27,1177.03,A
1759,1778029,2021-01-27,1289.83,A
1760,1282114,2021-01-27,222.47,A
1761,1653055,2021-01-27,1554.79,A
1762,1296676,2021-01-27,103.81,A
1763,1946532,2021-01-27,685.57,A
1764,1541167,2021-01-27,215.29,A
1765,1631364,2021-01-27,224.66,A
1766,1433438,2021-01-27,195.38,A
1767,1692634,2021-01-27,70.39,A
1768,1497245,2021-01-27,94.69,A
1769,1092955,2021-01-27,485.57,A
1770,1214192,2021-01-27,728.0,A
1771,1279754,2021-01-27,169.14,A
1772,1224840,2021-01-27,406.07,A
1773,1393523,2021-01-27,295.02,A
1774,1697119,2021-01-27,889.21,A
1775,1116595,2021-01-27,186.86,B
1776,1733687,2021-01-27,304.93,B
1777,1077020,2021-01-27,47.92,B
1778,1717460,2021-01-27,279.86,B
1779,1746091,2021-01-27,598.47,B
1780,1095129,2021-01-27,858.0,B
1781,1806256,2021-01-27,232.38,B
1782,1955668,2021-01-27,95.21,B
1783,1226749,2021-01-27,900.92,B
1784,1555948,2021-01-27,442.25,B
1785,1513976,2021-01-27,366.33,B
1786,1422574,2021-01-27,119.53,B
1787,1873241,2021-01-27,195.79,B
1788,1813270,2021-01-27,395.12,B
1789,1667108,2021-01-27,430.56,B
1790,1073377,2021-01-27,460.13,B
1791,1149295,2021-01-27,925.86,B
1792,1284699,2021-01-27,214.8,B
1793,1600593,2021-01-27,421.61,B
1794,1050857,2021-01-27,1321.32,B
1795,1183470,2021-01-27,998.8,B
1796,1191973,2021-01-27,456.6,B
1797,1962695,2021-01-27,421.9,B
1798,1476138,2021-01-27,81.74,B
1799,1222730,2021-01-27,227.66,B
1800,1061219,2021-01-27,363.9,B
1801,1088833,2021-01-27,679.01,B
1802,1994084,2021-01-27,647.47,B
1803,1691136,2021-01-27,694.66,B
1804,1406832,2021-01-27,575.18,B
1805,1211720,2021-01-27,1218.37,B
1806,1392238,2021-01-27,142.68,B
1807,1761149,2021-01-27,201.89,B
1808,1942766,2021-01-27,459.22,B
1809,1464549,2021-01-27,720.65,B
1810,1682164,2021-01-28,375.27,A
1811,1284221,2021-01-28,540.19,A
1812,1677750,2021-01-28,146.24,A
1813,1483004,2021-01-28,302.66,A
1814,1654641,2021-01-28,31.09,A
1815,1008841,2021-01-28,657.92,A
1816,1384257,2021-01-28,724.33,A
1817,1256373,2021-01-28,397.97,A
1818,1000408,2021-01-28,361.83,A
1819,1963002,2021-01-28,702.29,A
1820,1925637,2021-01-28,211.15,A
1821,1247271,2021-01-28,332.63,A
1822,1679533,2021-01-28,387.1,A
1823,1062179,2021-01-28,419.55,A
1824,1150438,2021-01-28,329.9,A
1825,1119858,2021-01-28,230.83,A
1826,1352100,2021-01-28,1313.94,A
1827,1194469,2021-01-28,944.29,A
1828,1088717,2021-01-28,294.05,A
1829,1279183,2021-01-28,244.65,A
1830,1051521,2021-01-28,176.27,A
1831,1613914,2021-01-28,208.21,A
1832,1670458,2021-01-28,734.13,A
1833,1867204,2021-01-28,292.54,A
1834,1838195,2021-01-28,398.37,A
1835,1447803,2021-01-28,195.16,A
1836,1307129,2021-01-28,256.42,A
1837,1450110,2021-01-28,1272.66,A
1838,1057797,2021-01-28,551.67,A
1839,1768128,2021-01-28,899.19,A
1840,1045707,2021-01-28,673.57,A
1841,1468444,2021-01-28,317.04,A
1842,1514086,2021-01-28,31.54,B
1843,1500999,2021-01-28,567.99,B
1844,1343249,2021-01-28,414.91,B
1845,1656346,2021-01-28,145.41,B
1846,1876998,2021-01-28,130.86,B
1847,1089960,2021-01-28,513.9,B
1848,1422559,2021-01-28,478.74,B
1849,1934041,2021-01-28,179.21,B
1850,1277144,2021-01-28,855.48,B
1851,1236727,2021-01-28,163.24,B
1852,1726203,2021-01-28,141.04,B
1853,1166470,2021-01-28,705.53,B
1854,1008761,2021-01-28,1228.3,B
1855,1026652,2021-01-28,617.43,B
1856,1784894,2021-01-28,576.06,B
1857,1006105,2021-01-28,323.16,B
1858,1143543,2021-01-28,156.4,B
1859,1240494,2021-01-28,159.92,B
1860,1179510,2021-01-28,72.4,B
1861,1671870,2021-01-28,326.95,B
1862,1157909,2021-01-28,358.32,B
1863,1531600,2021-01-28,543.68,B
1864,1968904,2021-01-28,837.8,B
1865,1028490,2021-01-28,954.0,B
1866,1430063,2021-01-28,515.6,B
1867,1478892,2021-01-28,918.45,B
1868,1915133,2021-01-28,85.66,B
1869,1884733,2021-01-28,276.16,B
1870,1994383,2021-01-28,644.96,B
1871,1916240,2021-01-28,235.73,B
1872,1269404,2021-01-28,356.41,B
1873,1479865,2021-01-28,288.5,B
1874,1229371,2021-01-28,616.03,B
1875,1209254,2021-01-28,449.04,B
1876,1500551,2021-01-28,1245.4,B
1877,1519109,2021-01-28,113.7,B
1878,1075808,2021-01-28,510.92,B
1879,1913300,2021-01-28,392.33,B
1880,1155928,2021-01-29,225.27,A
1881,1743399,2021-01-29,171.53,A
1882,1130381,2021-01-29,621.79,A
1883,1790459,2021-01-29,230.19,A
1884,1104637,2021-01-29,159.1,A
1885,1464877,2021-01-29,837.12,A
1886,1780681,2021-01-29,136.34,A
1887,1144241,2021-01-29,331.9,A
1888,1614559,2021-01-29,528.78,A
1889,1854680,2021-01-29,174.79,A
1890,1251194,2021-01-29,221.81,A
1891,1149300,2021-01-29,920.51,A
1892,1079305,2021-01-29,829.71,A
1893,1382110,2021-01-29,469.14,A
1894,1320541,2021-01-29,737.92,A
1895,1292766,2021-01-29,428.83,A
1896,1107092,2021-01-29,558.07,A
1897,1457833,2021-01-29,569.72,A
1898,1434873,2021-01-29,237.11,A
1899,1563318,2021-01-29,369.18,A
1900,1783799,2021-01-29,836.49,A
1901,1405056,2021-01-29,404.26,A
1902,1123137,2021-01-29,449.07,A
1903,1592099,2021-01-29,755.76,A
1904,1906315,2021-01-29,508.31,A
1905,1679751,2021-01-29,974.59,A
1906,1636430,2021-01-29,554.11,A
1907,1181217,2021-01-29,281.22,A
1908,1397429,2021-01-29,1328.87,A
1909,1937895,2021-01-29,642.75,A
1910,1439041,2021-01-29,365.4,A
1911,1020348,2021-01-29,341.49,B
1912,1779520,2021-01-29,561.03,B
1913,1665834,2021-01-29,110.41,B
1914,1648468,2021-01-29,376.5,B
1915,1351968,2021-01-29,778.67,B
1916,1128083,2021-01-29,52.54,B
1917,1598788,2021-01-29,357.3,B
1918,1889122,2021-01-29,260.59,B
1919,1020465,2021-01-29,61.03,B
1920,1975296,2021-01-29,448.12,B
1921,1462707,2021-01-29,289.43,B
1922,1518326,2021-01-29,200.07,B
1923,1694404,2021-01-29,414.26,B
1924,1794471,2021-01-29,281.61,B
1925,1660101,2021-01-29,96.12,B
1926,1204989,2021-01-29,299.56,B
1927,1324550,2021-01-29,590.76,B
1928,1894132,2021-01-29,783.6,B
1929,1363119,2021-01-29,188.16,B
1930,1084530,2021-01-29,886.35,B
1931,1342334,2021-01-29,241.96,B
1932,1627400,2021-01-29,400.89,B
1933,1803191,2021-01-29,868.77,B
1934,1081835,2021-01-29,130.09,B
1935,1318277,2021-01-29,506.4,B
1936,1702345,2021-01-29,459.18,B
1937,1123538,2021-01-29,864.38,B
1938,1417372,2021-01-29,531.14,B
1939,1349788,2021-01-29,51.1,B
1940,1853631,2021-01-29,332.25,B
1941,1039094,2021-01-29,599.97,B
1942,1499884,2021-01-29,372.46,B
1943,1011815,2021-01-29,549.86,B
1944,1701354,2021-01-29,351.28,B
1945,1375552,2021-01-29,644.84,B
1946,1992207,2021-01-29,307.16,B
1947,1995899,2021-01-30,194.74,A
1948,1900850,2021-01-30,215.15,A
1949,1422916,2021-01-30,228.63,A
1950,1047947,2021-01-30,644.45,A
1951,1635517,2021-01-30,689.88,A
1952,1035420,2021-01-30,976.75,A
1953,1796764,2021-01-30,122.65,A
1954,1921983,2021-01-30,360.9,A
1955,1809173,2021-01-30,600.87,A
1956,1835239,2021-01-30,997.2,A
1957,1641717,2021-01-30,419.0,A
1958,1315160,2021-01-30,167.51,A
1959,1560078,2021-01-30,136.65,A
1960,1699020,2021-01-30,314.97,A
1961,1890057,2021-01-30,582.89,A
1962,1767630,2021-01-30,460.57,A
1963,1226357,2021-01-30,731.05,A
1964,1178489,2021-01-30,582.77,A
1965,1080350,2021-01-30,1167.57,A
1966,1363153,2021-01-30,230.72,A
1967,1127462,2021-01-30,267.4,A
1968,1619047,2021-01-30,268.93,A
1969,1799074,2021-01-30,289.95,A
1970,1539542,2021-01-30,1666.6,A
1971,1845417,2021-01-30,831.74,A
1972,1884083,2021-01-30,84.55,A
1973,1030244,2021-01-30,348.09,A
1974,1071440,2021-01-30,438.04,A
1975,1185854,2021-01-30,512.44,A
1976,1223880,2021-01-30,881.91,A
1977,1830693,2021-01-30,1056.11,A
1978,1034793,2021-01-30,86.31,A
1979,1191621,2021-01-30,257.62,A
1980,1005320,2021-01-30,162.4,A
1981,1186665,2021-01-30,479.88,A
1982,1649810,2021-01-30,1169.33,A
1983,1422479,2021-01-30,341.18,A
1984,1487866,2021-01-30,816.56,A
1985,1583164,2021-01-30,370.38,A
1986,1641016,2021-01-30,150.87,B
1987,1866725,2021-01-30,462.69,B
1988,1862998,2021-01-30,962.72,B
1989,1040136,2021-01-30,272.09,B
1990,1627443,2021-01-30,213.03,B
1991,1142186,2021-01-30,719.36,B
1992,1586214,2021-01-30,866.11,B
1993,1245868,2021-01-30,176.72,B
1994,1433330,2021-01-30,1742.72,B
1995,1569318,2021-01-30,848.9,B
1996,1193263,2021-01-30,154.48,B
1997,1017181,2021-01-30,1145.51,B
1998,1259661,2021-01-30,199.22,B
1999,1313276,2021-01-30,229.24,B
2000,1301677,2021-01-30,113.08,B
2001,1684494,2021-01-30,266.69,B
2002,1404939,2021-01-30,129.12,B
2003,1962168,2021-01-30,109.68,B
2004,1334102,2021-01-30,427.91,B
2005,1533902,2021-01-30,276.72,B
2006,1038199,2021-01-30,488.2,B
2007,1530194,2021-01-30,1314.05,B
2008,1355945,2021-01-30,496.23,B
2009,1429656,2021-01-30,320.53,B
2010,1522350,2021-01-30,911.4,B
2011,1826759,2021-01-30,838.36,B
2012,1612153,2021-01-30,351.26,B
2013,1392500,2021-01-30,331.84,B
2014,1770725,2021-01-30,1385.68,B
2015,1053674,2021-01-30,1008.41,B
2016,1836574,2021-01-30,350.96,B
2017,1641355,2021-01-31,1782.88,A
2018,1769474,2021-01-31,307.08,A
2019,1850102,2021-01-31,337.36,A
2020,1853124,2021-01-31,1154.74,A
2021,1743841,2021-01-31,245.65,A
2022,1317447,2021-01-31,233.1,A
2023,1375707,2021-01-31,156.91,A
2024,1943121,2021-01-31,782.77,A
2025,1198546,2021-01-31,287.96,A
2026,1697133,2021-01-31,57.88,A
2027,1277774,2021-01-31,441.27,A
2028,1258114,2021-01-31,845.97,A
2029,1660659,2021-01-31,1719.4,A
2030,1880266,2021-01-31,285.75,A
2031,1559422,2021-01-31,465.84,A
2032,1028948,2021-01-31,408.5,A
2033,1766489,2021-01-31,271.11,A
2034,1179260,2021-01-31,237.69,A
2035,1910443,2021-01-31,266.02,A
2036,1727175,2021-01-31,679.69,A
2037,1228355,2021-01-31,692.46,A
2038,1211047,2021-01-31,1211.11,A
2039,1073011,2021-01-31,298.43,A
2040,1009380,2021-01-31,738.67,A
2041,1713929,2021-01-31,78.73,B
2042,1765953,2021-01-31,681.51,B
2043,1438037,2021-01-31,162.97,B
2044,1806552,2021-01-31,299.79,B
2045,1574029,2021-01-31,420.79,B
2046,1700681,2021-01-31,240.32,B
2047,1588297,2021-01-31,237.94,B
2048,1608279,2021-01-31,601.38,B
2049,1882536,2021-01-31,229.54,B
2050,1332175,2021-01-31,350.04,B
2051,1558418,2021-01-31,725.87,B
2052,1390760,2021-01-31,25.7,B
2053,1898681,2021-01-31,814.49,B
2054,1544065,2021-01-31,206.57,B
2055,1598585,2021-01-31,193.16,B
2056,1338210,2021-01-31,155.64,B
2057,1312176,2021-01-31,194.34,B
2058,1780188,2021-01-31,255.63,B
2059,1173591,2021-01-31,743.31,B
2060,1959981,2021-01-31,382.63,B
2061,1857320,2021-01-31,932.37,B
2062,1483358,2021-01-31,278.39,B
2063,1726066,2021-01-31,181.28,B
2064,1538623,2021-01-31,280.4,B
2065,1339774,2021-01-31,216.27,B
2066,1794182,2021-01-31,1319.93,B
2067,1622125,2021-01-31,871.03,B
2068,1806583,2021-01-31,675.5,B
2069,1023574,2021-01-31,298.19,B
2070,1764466,2021-01-31,969.49,B
2071,1301877,2021-01-31,335.67,B
2072,1242084,2021-01-31,184.53,B
2073,1242166,2021-01-31,210.11,B
2074,1213400,2021-01-31,781.74,B
2075,1418789,2021-01-31,633.27,B
2076,1656334,2021-01-31,955.9,B
