Sales,Profit
54.96714153011233,11.852355095063283
48.61735698828815,13.818833280940261
56.47688538100692,7.202864852361717
65.23029856408026,11.125938473381142
47.658466252766644,8.698714861756347
47.6586304305082,9.025749232470607
65.79212815507391,8.815212151522262
57.67434729152909,8.272018460640368
45.30525614065048,10.097043255889654
55.42560043585965,8.338099767177924
45.365823071875376,10.540913651559677
45.34270246429743,9.899523781101726
52.41962271566034,9.52210390626718
30.86719755342202,8.184872675916804
32.75082167486967,8.846457338863335
44.37712470759027,11.510782451651512
39.87168879665576,11.001834375248762
53.142473325952736,8.044889510402898
40.91975924478789,10.19866461085845
35.87696298664709,11.502774246743577
64.65648768921554,6.6611894377572565
47.74223699513465,11.08672038475987
50.67528204687924,8.674752482108307
35.75251813786544,11.141197337186318
44.556172754748175,8.473481686914965
51.10922589709866,6.390235798670962
38.490064225776976,6.744915124233675
53.75698018345672,10.096169893322765
43.99361310081195,10.519445003442964
47.083062502067236,8.191366749791182
43.98293387770603,11.277184917554749
68.52278184508938,6.67695987546208
49.86502775262066,9.867840402705367
39.422890710440996,7.577967600475087
58.225449121031886,8.696327784395681
37.791563500289776,10.094797342632829
52.08863595004755,8.279173269432095
30.403298761202244,9.23088891154035
36.71813951101569,12.012585618428881
51.96861235869123,8.846216260953703
57.38466579995411,11.671384224130284
51.7136828118997,7.740586290684764
48.843517176117594,11.059608355830566
46.98896304410711,12.8831372413158
35.214780096325725,5.056710999745421
42.801557916052914,8.406209489059046
45.393612290402125,11.15414425436108
60.57122226218915,9.593909227914015
53.43618289568462,10.742291746742618
32.36959844637266,8.79202962656836
53.24083969394795,10.1731795749458
46.149177195836835,9.68864552921584
43.23077999694041,12.335564123319614
56.11676288840868,10.508841686602427
60.30999522495951,10.675205324150404
59.31280119116199,9.176246067755065
41.607824767773614,9.024787551855013
46.907876241487855,9.134883624360759
53.31263431403564,10.788904284756594
59.75545127122359,9.158031038359475
45.2082576215471,10.579549713792826
48.14341023336183,14.150801597290878
38.93665025993972,11.742249406863385
38.037933759193294,9.347952935664317
58.125258223941984,12.402427844327889
63.56240028570823,9.183849253956897
49.27989878419666,5.923750929644292
60.03532897892024,7.983827378165191
53.61636025047634,6.258416157948289
43.54880245394876,9.296973031917382
53.61395605508414,10.036836758379103
65.38036566465969,13.352874624550566
49.64173960890049,10.653854747528325
65.64643655814007,9.561798942382271
23.802548959102555,11.658811162366979
58.21902504375224,5.57772938198423
50.870470682381715,10.471229116217131
47.009926495341325,11.541730387773933
50.91760776535502,7.0428275084403165
30.124310853991073,12.287508086413858
47.80328112162488,10.676992814988829
53.57112571511746,9.169424172198397
64.77894044741517,11.26556373221257
44.81729781726352,14.541385715608792
41.91506397106812,10.363732510116991
44.982429564154636,10.496441172600672
59.15402117702074,9.081278200919511
53.287511096596845,8.300311261070416
44.70239796232961,11.66067163308849
55.13267433113356,8.287832348182265
50.9707754934804,10.143132474438785
59.68644990532889,9.044685106469768
42.979469061226474,10.957959651492784
46.723378534022316,10.667324210573897
46.078918468678424,12.075079888515798
35.364850518678814,8.979967202290506
52.96120277064576,9.460250129413257
52.610552721798896,8.042472568435386
50.05113456642461,9.111413479847776
47.65412866624853,10.754600986089704
35.84629257949586,11.513977233290703
45.79354677234641,8.155669351644748
46.572854834732304,11.73921184021132
41.97722730778381,12.711275717609901
48.387142883339905,10.826869806447402
54.040508568145384,13.753591625116131
68.8618590121053,8.452421601792853
51.74577812831839,7.510690593377166
52.57550390722764,6.442559502191443
49.25554084233833,12.992088622978367
30.812287847009586,11.308731312708115
49.73486124550783,9.88883065817909
50.60230209941027,10.55993725263964
74.63242112485287,7.7490219054032465
48.076390352188774,14.891503959233653
53.015473423336125,10.258442363950454
49.65288230294757,10.218789589209786
38.31321962380468,11.451533247797384
61.42822814515021,10.962018463473427
57.519330326867745,10.447768048558263
57.910319470430466,8.419051089109375
40.906125452052606,10.942936714271992
64.02794310936099,13.764048992950068
35.98148937207719,12.690840092309955
55.868570938002705,13.186373253278795
71.90455625809979,8.97756864713763
40.09463674869312,8.020790359482838
44.33702270397228,9.748426159800704
50.99651365087641,10.11144982457739
44.96524345883801,12.188383036941897
34.493365689338674,6.615070740570362
50.68562974806027,13.059100638921228
39.37696286273895,9.683984202842021
54.73592430635182,9.14623786010516
40.80575765766197,7.975791249479665
65.4993440501754,6.690286656268461
42.16746707663763,11.64634116792383
46.77938483794324,10.146635934376807
58.135172173696695,7.420078200517892
37.69135683566045,7.409842455872768
52.27459934604129,9.328430601419743
63.07142754282428,13.338043050578786
33.92516765438772,9.48081729727279
51.84633858532304,6.993714093763788
52.598827942484235,9.50851387182811
57.8182287177731,9.45455286050466
37.63049289121918,4.606226714116857
36.795433869157236,9.891410266964376
55.21941565616898,9.538130939582643
52.96984673233186,11.392412729626837
52.504928503458764,13.69791218989069
53.46448209496975,12.253130059095515
43.19975278421509,9.462222618890339
52.322536971610035,7.786948182516659
52.93072473298681,15.14671960649972
42.85648581973632,10.118436868028976
68.65774511144757,10.027858583825893
54.73832920911788,9.951749825779993
38.08696502797351,10.39616952153571
56.5655360863383,9.711279176152114
40.253183297726785,8.852675986239527
57.87084603742452,8.906282117519215
61.58595579007404,9.934493459568003
41.7931768164829,8.91315045773247
59.63376129244322,8.57430843464567
54.12780926936498,10.212860455383794
58.2206015999449,9.49004556515829
68.96792982653947,13.007985977165378
47.54611883997129,4.698060383213976
42.4626383564251,12.183013703844924
41.10485570374477,12.492170384995259
41.841897150345616,5.853219535183701
49.228982905858956,9.314624811839302
53.41151974816644,9.257118268008417
52.766907993300194,7.184976610564357
58.27183249036024,8.44436662481825
50.13001891877907,7.7788483090683425
64.53534077157317,13.504540886847245
47.35343166762044,11.871356786294923
77.20169166589619,12.543110189988317
56.25667347765006,11.443344128086471
41.42842443583717,7.741896457565542
39.29107501938888,8.950959467440452
54.824724152431855,10.978749122455836
47.76537214674149,7.555744382216109
57.14000494092092,11.425996860344776
54.73237624573545,9.51934920368373
49.271710873431275,9.250358384900805
41.532062819315954,11.421919936406983
34.851527753141355,10.88852662297208
45.53485047932979,9.27806766836184
58.56398794323472,12.318659606728495
52.14093744130204,7.837873344800205
37.542612212880115,11.231871213888528
51.73180925851182,11.186202515936767
53.85317379728837,9.380907121372019
41.16142563798867,10.652266044484236
51.53725105945528,7.497772847229394
50.58208718446,11.848054038413801
38.57029702169377,9.630195727114021
53.577873603482836,8.95455395896192
55.60784526368234,12.098018451673779
60.830512431752766,8.59131261891448
60.53802052034903,7.183077407272881
36.22330632042909,6.8867416529521925
40.62174960084877,11.21201990269128
55.1503526720866,7.439141295007434
55.13785950912209,13.50958836396873
55.150476863060476,5.836141184232556
88.52731490654722,13.392912736580076
55.70890510693167,10.422034934405238
61.35565640180599,9.806573776259215
59.54001763493203,8.910161826382101
56.51391251305798,10.798272228704143
46.84730755359654,9.924730595150303
57.589692204932675,12.206603764033042
42.27174785462428,10.228455297324079
47.63181393259991,10.300603522923755
45.14636452170897,9.272775575572288
50.81874139386323,9.886108752557865
73.14658566673509,10.615603537784118
31.32734807408252,6.579663214686748
56.86260190374514,7.303629155788574
33.87284128810349,11.48652818804543
45.280681342105666,10.341730876255884
60.889505969673664,9.632033327294641
50.64280019095463,10.036867866130786
39.22255222070694,10.695163410723342
42.84696290740032,8.920480639381276
56.79597748934676,8.443390549195374
42.69633368282864,10.391690510195364
52.16458589581975,8.043254444769936
50.45571839903814,10.816505511428943
43.483996523941826,6.594832791524319
71.43944089325325,12.058311274651288
56.33919022318011,10.945194964826086
29.74857413342393,10.51205946862775
51.86454314769428,11.965381967891028
43.38213535231612,13.330948888925153
58.52433334796224,12.028740130036262
42.07479261567299,6.318251537336709
48.85263558533101,7.4408460665285965
55.049872789804574,8.750362844608642
58.657551941701215,10.052182100421668
37.997035929442234,11.035318040938247
46.654987641590516,8.548512373693068
45.25054688839044,10.373533528954157
43.46670767426288,8.489234135293355
67.65454240281096,8.776964394016103
54.049817109609556,7.186677806303555
37.391160456649544,8.153533507778192
59.17861947054776,7.296630788767333
71.22156197012633,8.048253494045335
60.32465260551147,12.10728359321568
34.80630034045987,8.101202222336115
45.15765927133749,15.26476412967478
62.669111491866225,10.986635801761778
42.92330534381219,10.369672247389747
54.43819428146229,8.283284439637573
57.74634053429337,11.400619758817983
40.730695284219166,8.848724347524453
49.404746439382,10.244019629290722
17.58732659930927,15.12016907653759
39.756123586657104,9.8078802005507
47.4743184860684,12.298546652571352
37.52216818035151,8.593647149748225
66.32411303931636,9.930023019006077
35.69858622039367,13.54160127127102
45.599555133030165,8.746065884424466
51.30740577286091,13.624897115993857
64.41273289066116,11.415503870910952
35.6413784882056,8.875066448211465
61.63163752154959,11.264815478111043
50.10233061019587,11.94510889925346
40.18491348952049,11.243619924434393
54.62103474263271,6.859550560219088
51.9905969557347,8.545725648350263
43.99783122841205,9.50496272889699
50.69802084990019,9.851133141799908
46.1468640313824,11.241344195101355
51.13517345251248,10.355402001866508
56.62130674521047,7.3293112825797975
65.86016816145352,10.760395702011927
37.62184501173151,11.221171490567647
71.33033374656267,11.119580895862079
30.479122004774982,12.161561451109243
48.482149049644164,11.667844309097807
55.883172064845766,10.918360158456874
52.809918677350325,9.859668577082706
43.77300480179406,6.678078132968017
47.918777496427246,10.859236438265171
45.06999065341167,10.415375374326223
44.106352430557884,10.543157674390747
58.496020970210246,7.446502848359382
53.57015485965047,7.837886919183475
43.070904047393455,12.106305706665808
58.995998754332504,9.92088969228669
53.072995208766095,11.363001394745249
58.1286211883896,10.056636752260923
56.29628841923612,10.059512278991491
41.710049890779274,11.876567611951995
44.39818959803031,8.967910543565253
57.472936051232615,10.192241553881967
56.10370265433465,9.075449422589916
49.79098406035852,9.131007545135368
51.17327383308782,9.381655753062722
62.77664895788425,10.444267543267426
44.0842861116417,9.042502756673045
55.470973811700375,12.511512251147042
47.97807347566106,8.210785395560992
47.8231879677278,9.626256711677282
60.9877685198719,9.12053788345165
58.2541634898803,12.893955768707466
58.135096360006386,10.39310955302315
63.05478807154329,12.06368907893727
50.21003841632759,7.028879253926056
56.81952971294964,10.534100531738517
46.89733243406544,11.779261591246874
53.24166352488442,10.16456797855085
48.698569456323156,12.130960750130702
50.96995964992718,8.965423099799256
55.95157025436914,12.81869488037116
41.81779316766527,14.5977962472385
70.9238727568546,9.274322879120682
39.93982618500298,9.108994957198457
37.85811387212268,12.906768954235401
61.581108735000676,13.159144291461425
57.91662693962936,8.954279945693463
56.24119817052155,9.159626365808286
56.2834550926428,9.436430782278986
49.87753227153085,7.3110989779314455
41.02745628514168,8.162696107031604
50.75804558193726,7.991718466495865
43.22838288487888,8.464404869791743
59.75119733417751,9.930630225226437
48.52942618497861,10.468429465073042
41.745028032074885,13.101000985628154
46.78614158347007,8.003291918522418
54.12931454275624,11.968644796953168
44.36275447196025,9.572022311548983
41.77779604433569,9.901072580695134
52.436872114919126,11.349638984333208
52.44966571108723,7.754555956875403
44.9305682462887,10.764819492368101
45.289616943816775,10.332904416426112
52.32049937357636,10.984902528016299
35.51915658502676,10.578337287815636
35.92536225623445,14.91060027982179
42.81555778747564,8.724520031497368
47.86552848288153,8.938006089996364
53.10907565598005,8.753718947150471
64.75356216949552,8.88904576167949
58.576596232020194,8.725225745386965
48.40061470036573,12.378033062215103
49.80983792097311,12.84100849597971
39.97470635362191,8.858507412501048
49.8148686400761,8.335288853791543
47.11341361079862,10.942831112772808
53.227185603380896,8.895553911438057
41.727690564476774,11.265863635511021
55.193465142411725,10.405846041702599
65.32738913002578,6.968511770005536
48.91239851543143,13.095010402660122
54.01711722098941,13.591755346191043
56.90143991711113,8.774422619031228
45.987795281141636,9.224596880128031
52.24092481810417,10.57173078144981
50.12592400781795,10.668913579974049
50.97676098548832,11.31708854534566
42.26990216144534,14.0204090775327
50.245101742589426,9.6461055450119
54.979982912454496,8.403405510923093
64.51143607795042,7.241361543970946
59.59270826085207,8.538139920116162
71.53182457511556,9.933746054252406
42.326524371119504,13.589115727035576
58.723206367206785,8.964777401927657
51.83342005738352,10.447575903277796
71.89802933217672,9.967154207854495
41.91701714644849,12.376786546896168
41.602781578192236,15.053864851747242
44.00607354555978,8.938262454159359
28.76104275690193,9.021121114963556
44.74244978319239,12.088321754138144
42.40867338446302,11.363782979252623
51.50393786476208,13.693414651472068
53.41755975777159,11.167856370651927
68.76170839215887,9.28141581842588
59.5042383818605,11.181309661384619
44.23096344337597,12.217407161165816
41.01585328651642,11.640964362394728
54.919191715065054,11.014548062214596
36.797667929793576,12.133349379178307
68.31458765854353,12.338591180891346
61.79440120721287,12.764317982075054
45.30824347895295,11.297419775179286
32.868654709091224,9.665763839366292
63.538723741654124,10.293427372866645
48.85460154747382,12.413017933016715
62.378163119734616,8.366128658025527
34.05572341205633,10.737346617745802
44.00624977046227,9.213322375345278
50.05243699718183,10.057489645869635
50.46980593764742,12.556903725214598
45.49934528520756,10.382198136039806
56.228499323474985,10.092873096312298
39.32379570617405,7.280287718040162
48.576205149787064,11.492507132054442
51.20295631711899,11.29096836228215
55.14438834058749,14.32650944661092
57.1161487808889,9.384443530093998
38.75357908162131,10.438300655327877
34.65885829264378,10.498767367421511
62.77676821898509,13.15490655952695
53.323140119795916,9.809408935226095
42.51513463443446,10.558043051540679
65.51151975522524,11.215793019433079
51.156746342928585,10.373218246312716
61.792971840638266,9.107132770898943
50.67518481410109,10.388179985796615
70.60747924881987,12.147263499719545
67.55340842443204,7.9469694011778795
47.51035851520926,10.265939348293752
59.71570950954356,8.599758370121654
56.45375949585147,12.390093257849685
63.68631557532349,6.95362619043245
40.35076539419896,8.882156305456823
56.86051459998439,10.754423750129043
60.58424486849588,13.13104805846868
32.41260513576886,9.868499477854025
38.16741487334225,8.889600946613603
29.607678222398995,13.76231413888118
47.305931655554424,7.1039721991675115
57.17542255795962,5.602388086759836
65.02357052096028,10.880028900106664
50.74094780419775,8.995891551294777
66.28615545571292,7.9575343657385735
36.198985417851084,11.416712894598707
32.96617560644845,10.487601427542398
49.44452301103381,8.871842738526544
53.840654489393074,7.439391202658211
49.67305251905907,11.74491465656029
29.325578999601234,11.300402355917322
49.10879960487212,9.801648272441234
36.95530499495147,13.693273992095332
56.69672548830039,7.859830467347695
53.66598246096848,6.948949658150522
40.60120213672645,8.616183860237511
44.861330826633065,9.908827967289005
39.40786478111048,10.486678898645383
49.37320902726828,9.51752788428734
59.551423205012384,10.704110793028594
40.14273953664456,7.496921151619112
55.040465155178445,12.88752920814652
44.69742381627559,9.835697643214862
42.07127167737656,12.234591663176255
48.929696400454425,10.685450692755408
39.64757677580626,10.913506438307568
44.46350694652818,11.139534560464408
38.021221074111516,10.89541712003463
69.6472513291639,11.285445519735088
50.35263551971729,12.658305060264862
43.00274492007414,10.39304233940294
52.13979910734222,11.418007515177024
48.8767195030917,9.820528611425546
47.79030400466777,12.880234430898945
56.14166700043425,8.64721539588146
57.57507710047305,13.60188086582163
44.69498852389472,9.919684098711313
44.2418175935532,7.138449795763904
47.24948302848356,10.256208829821578
26.98078835264415,8.637896685050238
34.84808937801448,11.681287097977448
63.66874267444525,8.694752041395219
66.44967713501283,9.10763313357044
47.50963960443622,6.220918538108938
55.765569630557664,9.095387361501846
53.112501545435364,5.152241346742087
80.78880808455239,6.832194353028553
61.195749114345766,11.520829312288594
48.72082408519233,11.571600317301664
40.44459559399574,10.85091512356993
33.93553679742428,8.066047713741574
52.03463635867223,9.904577287716041
42.436492547156966,9.992794921818863
35.77746290402326,7.6832706216149145
43.534271157574736,13.006796603534301
39.18451996385605,11.754724581151343
66.87141635072564,9.558071652340672
58.816397569494505,10.053771677989062
49.92027358683383,10.416765615895105
64.79944138890026,5.916530263151419
50.77368307647618,9.505645234958806
41.38715798671736,8.636031504004404
65.23124077269657,7.996759980210169
55.38910043684659,9.43779941422809
39.62753845673544,13.595373053699046
48.09661321916392,11.28168572253402
41.24381746615243,8.857642020434406
36.172002690356635,11.145165562712318
175.12238733886045,68.54956253456706
165.68517605016004,78.1900891376771
245.46453743154552,27.33952117970867
255.9713589730352,79.63076251211635
154.7379217238463,-1.1873668976857346
290.4318369365535,88.42983216665804
157.79569254772088,50.23516137691099
231.19445029516055,79.90275469587431
256.3590779176375,39.75501129701301
280.64536856191285,60.793546471617745
